7,1,5.0
11,1,1.0
13,1,3.0
14,1,1.0
19,1,4.0
24,1,4.0
30,1,1.0
34,1,1.0
37,1,3.0
44,1,2.0
46,1,3.0
51,1,2.0
52,1,5.0
54,1,1.0
55,1,1.0
56,1,1.0
60,1,3.0
61,1,2.0
63,1,2.0
65,1,2.0
67,1,4.0
68,1,2.0
71,1,3.0
72,1,1.0
74,1,3.0
76,1,3.0
79,1,1.0
83,1,2.0
84,1,2.0
88,1,1.0
90,1,3.0
92,1,2.0
93,1,2.0
94,1,3.0
96,1,2.0
97,1,4.0
102,1,3.0
103,1,4.0
104,1,3.0
106,1,1.0
109,1,1.0
123,1,1.0
124,1,2.0
128,1,1.0
131,1,5.0
135,1,4.0
139,1,1.0
140,1,1.0
141,1,1.0
142,1,3.0
144,1,2.0
146,1,2.0
150,1,1.0
152,1,4.0
155,1,2.0
156,1,3.0
165,1,5.0
166,1,3.0
167,1,2.0
168,1,1.0
173,1,2.0
174,1,1.0
175,1,1.0
183,1,4.0
189,1,4.0
193,1,1.0
198,1,1.0
199,1,1.0
200,1,1.0
202,1,3.0
203,1,3.0
204,1,3.0
211,1,1.0
212,1,1.0
213,1,1.0
214,1,2.0
219,1,4.0
223,1,1.0
226,1,3.0
229,1,2.0
230,1,1.0
233,1,2.0
234,1,2.0
235,1,3.0
237,1,2.0
238,1,1.0
240,1,4.0
241,1,5.0
242,1,1.0
243,1,1.0
245,1,3.0
247,1,3.0
251,1,4.0
252,1,2.0
256,1,2.0
258,1,3.0
259,1,2.0
261,1,3.0
263,1,1.0
266,1,4.0
267,1,1.0
276,1,2.0
277,1,3.0
278,1,1.0
279,1,2.0
280,1,1.0
284,1,4.0
286,1,2.0
289,1,2.0
294,1,4.0
297,1,3.0
1,2,4.0
3,2,3.0
5,2,2.0
12,2,5.0
20,2,4.0
21,2,3.0
27,2,1.0
29,2,2.0
30,2,3.0
31,2,3.0
37,2,3.0
41,2,4.0
43,2,1.0
47,2,1.0
49,2,1.0
51,2,3.0
53,2,1.0
57,2,1.0
58,2,1.0
63,2,3.0
67,2,5.0
68,2,1.0
69,2,2.0
71,2,2.0
72,2,2.0
73,2,5.0
77,2,1.0
79,2,4.0
80,2,1.0
81,2,2.0
83,2,2.0
84,2,5.0
85,2,2.0
88,2,1.0
95,2,2.0
96,2,2.0
100,2,2.0
101,2,4.0
102,2,2.0
103,2,4.0
105,2,2.0
107,2,3.0
110,2,2.0
111,2,1.0
114,2,3.0
115,2,1.0
118,2,2.0
120,2,3.0
121,2,1.0
123,2,2.0
126,2,2.0
129,2,4.0
131,2,1.0
132,2,1.0
133,2,5.0
135,2,4.0
136,2,1.0
138,2,1.0
139,2,4.0
143,2,3.0
145,2,1.0
146,2,1.0
152,2,4.0
155,2,4.0
158,2,1.0
159,2,2.0
163,2,1.0
164,2,5.0
167,2,1.0
168,2,5.0
169,2,2.0
170,2,2.0
172,2,1.0
174,2,2.0
176,2,3.0
179,2,3.0
182,2,2.0
183,2,2.0
188,2,3.0
191,2,3.0
193,2,3.0
194,2,2.0
197,2,3.0
198,2,1.0
199,2,3.0
200,2,1.0
201,2,5.0
202,2,3.0
203,2,1.0
206,2,2.0
208,2,1.0
209,2,3.0
213,2,3.0
214,2,1.0
216,2,1.0
217,2,3.0
219,2,1.0
222,2,2.0
227,2,4.0
228,2,1.0
229,2,5.0
232,2,2.0
234,2,1.0
235,2,2.0
236,2,3.0
237,2,2.0
238,2,4.0
245,2,2.0
247,2,2.0
248,2,4.0
251,2,2.0
254,2,1.0
255,2,2.0
257,2,3.0
263,2,3.0
265,2,1.0
266,2,3.0
267,2,1.0
269,2,5.0
270,2,1.0
272,2,1.0
274,2,3.0
277,2,1.0
279,2,1.0
281,2,4.0
287,2,3.0
288,2,1.0
289,2,1.0
290,2,1.0
291,2,2.0
1,3,3.0
3,3,1.0
6,3,1.0
9,3,1.0
14,3,1.0
16,3,1.0
24,3,4.0
31,3,2.0
32,3,1.0
33,3,4.0
34,3,2.0
37,3,1.0
45,3,2.0
47,3,3.0
48,3,2.0
54,3,1.0
57,3,2.0
59,3,1.0
60,3,1.0
65,3,2.0
66,3,3.0
70,3,3.0
71,3,1.0
73,3,1.0
75,3,2.0
77,3,1.0
80,3,1.0
82,3,3.0
83,3,3.0
84,3,3.0
89,3,1.0
90,3,3.0
95,3,1.0
96,3,3.0
98,3,3.0
100,3,1.0
104,3,3.0
107,3,3.0
108,3,2.0
110,3,1.0
111,3,1.0
113,3,3.0
114,3,1.0
117,3,2.0
118,3,3.0
120,3,2.0
121,3,2.0
123,3,5.0
124,3,2.0
125,3,2.0
132,3,2.0
138,3,4.0
139,3,1.0
140,3,2.0
141,3,3.0
147,3,4.0
150,3,4.0
153,3,1.0
156,3,3.0
162,3,4.0
164,3,3.0
166,3,5.0
167,3,1.0
168,3,3.0
176,3,1.0
181,3,3.0
184,3,4.0
187,3,2.0
188,3,4.0
189,3,2.0
191,3,4.0
192,3,4.0
193,3,2.0
195,3,1.0
196,3,3.0
198,3,2.0
199,3,2.0
201,3,1.0
202,3,3.0
204,3,4.0
207,3,2.0
208,3,4.0
210,3,1.0
215,3,1.0
217,3,3.0
218,3,2.0
220,3,3.0
221,3,3.0
223,3,1.0
225,3,2.0
226,3,2.0
227,3,4.0
229,3,1.0
232,3,4.0
233,3,1.0
234,3,3.0
242,3,3.0
247,3,4.0
252,3,5.0
253,3,2.0
254,3,1.0
257,3,4.0
260,3,3.0
261,3,3.0
265,3,2.0
280,3,2.0
281,3,2.0
285,3,3.0
291,3,1.0
292,3,5.0
294,3,2.0
298,3,3.0
299,3,3.0
2,4,3.0
6,4,1.0
7,4,3.0
10,4,5.0
12,4,2.0
14,4,3.0
16,4,1.0
17,4,4.0
22,4,3.0
24,4,3.0
25,4,1.0
30,4,3.0
32,4,2.0
33,4,2.0
35,4,4.0
36,4,3.0
39,4,1.0
40,4,1.0
41,4,3.0
42,4,1.0
43,4,4.0
44,4,2.0
45,4,2.0
49,4,1.0
51,4,4.0
53,4,5.0
56,4,1.0
58,4,4.0
61,4,2.0
63,4,2.0
64,4,1.0
69,4,1.0
72,4,1.0
73,4,3.0
74,4,1.0
82,4,3.0
86,4,2.0
88,4,3.0
91,4,3.0
94,4,3.0
99,4,2.0
107,4,4.0
109,4,4.0
110,4,2.0
111,4,1.0
118,4,2.0
119,4,3.0
120,4,3.0
124,4,3.0
125,4,1.0
126,4,1.0
128,4,4.0
130,4,1.0
132,4,2.0
133,4,1.0
137,4,3.0
140,4,2.0
141,4,1.0
144,4,1.0
146,4,2.0
148,4,2.0
151,4,5.0
152,4,3.0
153,4,2.0
155,4,4.0
157,4,4.0
161,4,4.0
163,4,2.0
168,4,1.0
169,4,3.0
170,4,1.0
171,4,3.0
172,4,5.0
178,4,4.0
179,4,2.0
180,4,1.0
182,4,2.0
187,4,1.0
188,4,3.0
189,4,2.0
190,4,2.0
193,4,1.0
197,4,4.0
198,4,3.0
199,4,1.0
200,4,1.0
205,4,3.0
206,4,4.0
207,4,2.0
208,4,2.0
209,4,3.0
214,4,5.0
217,4,2.0
218,4,3.0
219,4,1.0
221,4,3.0
222,4,5.0
223,4,3.0
225,4,1.0
227,4,3.0
232,4,1.0
233,4,1.0
235,4,3.0
236,4,2.0
238,4,2.0
241,4,3.0
243,4,2.0
245,4,2.0
246,4,1.0
248,4,4.0
250,4,1.0
253,4,1.0
254,4,1.0
261,4,2.0
267,4,3.0
269,4,3.0
272,4,3.0
275,4,1.0
276,4,1.0
277,4,2.0
280,4,3.0
289,4,1.0
291,4,3.0
294,4,2.0
295,4,4.0
296,4,1.0
298,4,3.0
299,4,1.0
3,5,1.0
4,5,1.0
5,5,4.0
6,5,3.0
8,5,1.0
10,5,4.0
16,5,4.0
17,5,1.0
18,5,1.0
19,5,3.0
21,5,2.0
23,5,2.0
24,5,1.0
26,5,2.0
27,5,1.0
28,5,2.0
29,5,3.0
31,5,1.0
32,5,2.0
35,5,2.0
37,5,2.0
38,5,3.0
40,5,3.0
46,5,2.0
47,5,5.0
50,5,2.0
56,5,2.0
57,5,5.0
58,5,4.0
59,5,2.0
63,5,4.0
65,5,3.0
66,5,3.0
72,5,2.0
73,5,3.0
74,5,2.0
75,5,2.0
81,5,2.0
83,5,2.0
86,5,3.0
89,5,1.0
90,5,3.0
91,5,1.0
92,5,3.0
97,5,3.0
98,5,3.0
100,5,1.0
101,5,5.0
102,5,5.0
103,5,3.0
104,5,1.0
105,5,1.0
106,5,2.0
107,5,3.0
111,5,3.0
112,5,2.0
117,5,3.0
121,5,1.0
122,5,1.0
128,5,1.0
129,5,3.0
130,5,3.0
135,5,3.0
137,5,1.0
140,5,1.0
145,5,5.0
146,5,4.0
149,5,2.0
150,5,1.0
153,5,2.0
156,5,2.0
157,5,2.0
158,5,1.0
159,5,3.0
163,5,3.0
166,5,1.0
167,5,2.0
168,5,2.0
169,5,2.0
171,5,4.0
172,5,2.0
175,5,1.0
176,5,1.0
177,5,4.0
181,5,1.0
183,5,2.0
184,5,4.0
187,5,3.0
197,5,5.0
198,5,1.0
201,5,1.0
202,5,2.0
205,5,1.0
206,5,1.0
207,5,1.0
209,5,1.0
210,5,2.0
211,5,3.0
216,5,1.0
217,5,1.0
221,5,1.0
223,5,2.0
226,5,3.0
228,5,1.0
230,5,1.0
231,5,3.0
232,5,1.0
236,5,3.0
238,5,2.0
241,5,1.0
243,5,1.0
244,5,1.0
249,5,4.0
251,5,1.0
252,5,1.0
255,5,1.0
256,5,1.0
258,5,5.0
261,5,3.0
262,5,1.0
263,5,1.0
265,5,3.0
267,5,1.0
268,5,1.0
269,5,1.0
272,5,4.0
273,5,2.0
274,5,3.0
275,5,1.0
276,5,4.0
278,5,3.0
279,5,5.0
284,5,4.0
285,5,2.0
289,5,4.0
291,5,3.0
300,5,1.0
3,6,2.0
4,6,1.0
5,6,3.0
7,6,3.0
8,6,1.0
12,6,3.0
14,6,1.0
15,6,2.0
17,6,1.0
19,6,1.0
21,6,1.0
24,6,1.0
26,6,2.0
28,6,2.0
31,6,1.0
34,6,4.0
35,6,2.0
37,6,2.0
38,6,1.0
40,6,1.0
41,6,3.0
43,6,1.0
45,6,3.0
48,6,2.0
49,6,3.0
53,6,1.0
55,6,1.0
56,6,1.0
57,6,2.0
62,6,2.0
64,6,2.0
65,6,2.0
75,6,3.0
78,6,3.0
79,6,3.0
82,6,2.0
84,6,1.0
86,6,2.0
91,6,5.0
92,6,2.0
93,6,3.0
99,6,4.0
103,6,1.0
110,6,2.0
111,6,2.0
117,6,1.0
118,6,2.0
121,6,2.0
125,6,2.0
128,6,1.0
131,6,2.0
132,6,2.0
134,6,2.0
136,6,1.0
137,6,1.0
139,6,3.0
141,6,2.0
142,6,4.0
144,6,1.0
146,6,2.0
147,6,3.0
153,6,4.0
155,6,4.0
159,6,1.0
160,6,3.0
164,6,5.0
170,6,2.0
177,6,3.0
180,6,2.0
185,6,1.0
186,6,3.0
194,6,4.0
197,6,1.0
200,6,2.0
202,6,1.0
205,6,1.0
209,6,1.0
210,6,2.0
215,6,3.0
217,6,1.0
219,6,1.0
221,6,1.0
222,6,2.0
223,6,3.0
225,6,3.0
226,6,1.0
230,6,3.0
233,6,1.0
235,6,2.0
237,6,1.0
242,6,4.0
243,6,2.0
255,6,2.0
256,6,2.0
258,6,2.0
260,6,1.0
262,6,1.0
265,6,2.0
268,6,4.0
270,6,2.0
272,6,2.0
274,6,1.0
277,6,2.0
279,6,1.0
282,6,3.0
285,6,1.0
286,6,3.0
288,6,1.0
293,6,1.0
297,6,3.0
298,6,5.0
300,6,4.0
4,7,1.0
7,7,3.0
12,7,1.0
14,7,1.0
16,7,4.0
22,7,1.0
23,7,1.0
25,7,3.0
27,7,2.0
31,7,2.0
34,7,4.0
38,7,2.0
42,7,4.0
46,7,2.0
47,7,1.0
49,7,2.0
50,7,1.0
51,7,4.0
52,7,1.0
58,7,5.0
59,7,1.0
60,7,2.0
61,7,1.0
65,7,1.0
68,7,2.0
69,7,4.0
70,7,5.0
75,7,1.0
78,7,1.0
79,7,2.0
81,7,1.0
82,7,3.0
86,7,2.0
90,7,1.0
92,7,3.0
93,7,3.0
95,7,2.0
98,7,1.0
100,7,1.0
109,7,1.0
110,7,1.0
115,7,1.0
117,7,1.0
118,7,1.0
124,7,2.0
125,7,2.0
126,7,2.0
130,7,3.0
132,7,3.0
134,7,3.0
135,7,2.0
138,7,2.0
141,7,4.0
142,7,3.0
143,7,3.0
144,7,2.0
145,7,3.0
149,7,3.0
150,7,2.0
152,7,3.0
154,7,2.0
156,7,3.0
160,7,1.0
162,7,2.0
167,7,3.0
170,7,1.0
173,7,3.0
176,7,4.0
178,7,4.0
186,7,2.0
189,7,2.0
192,7,3.0
200,7,2.0
202,7,1.0
205,7,1.0
206,7,1.0
209,7,2.0
213,7,1.0
215,7,2.0
218,7,2.0
221,7,1.0
222,7,4.0
223,7,4.0
225,7,1.0
226,7,4.0
228,7,1.0
233,7,2.0
235,7,1.0
236,7,4.0
238,7,2.0
241,7,4.0
245,7,3.0
251,7,3.0
252,7,2.0
255,7,2.0
257,7,2.0
258,7,1.0
259,7,2.0
262,7,5.0
268,7,5.0
269,7,1.0
273,7,3.0
280,7,3.0
282,7,2.0
287,7,1.0
288,7,2.0
292,7,4.0
299,7,1.0
300,7,1.0
1,8,1.0
2,8,3.0
3,8,1.0
4,8,1.0
7,8,3.0
17,8,3.0
19,8,2.0
20,8,3.0
21,8,2.0
22,8,1.0
23,8,3.0
25,8,1.0
30,8,5.0
31,8,2.0
32,8,2.0
33,8,3.0
34,8,1.0
36,8,1.0
41,8,2.0
43,8,1.0
44,8,2.0
47,8,2.0
51,8,1.0
53,8,2.0
55,8,2.0
60,8,1.0
61,8,2.0
62,8,3.0
66,8,4.0
68,8,1.0
69,8,2.0
70,8,1.0
73,8,2.0
75,8,2.0
76,8,1.0
78,8,4.0
79,8,3.0
81,8,1.0
83,8,4.0
84,8,4.0
86,8,2.0
88,8,2.0
89,8,4.0
93,8,2.0
96,8,3.0
97,8,1.0
98,8,3.0
101,8,4.0
104,8,3.0
106,8,1.0
108,8,2.0
112,8,2.0
113,8,2.0
114,8,3.0
115,8,2.0
121,8,3.0
122,8,3.0
123,8,2.0
126,8,1.0
127,8,1.0
133,8,1.0
137,8,1.0
138,8,4.0
139,8,1.0
141,8,5.0
144,8,1.0
150,8,1.0
151,8,3.0
154,8,4.0
157,8,3.0
159,8,2.0
162,8,4.0
163,8,2.0
164,8,3.0
165,8,1.0
170,8,1.0
180,8,5.0
181,8,2.0
184,8,1.0
187,8,3.0
194,8,1.0
196,8,4.0
197,8,5.0
199,8,3.0
200,8,3.0
201,8,1.0
202,8,3.0
206,8,1.0
207,8,1.0
208,8,2.0
209,8,5.0
211,8,3.0
212,8,1.0
213,8,1.0
217,8,1.0
218,8,3.0
219,8,2.0
220,8,1.0
228,8,1.0
230,8,1.0
232,8,3.0
235,8,2.0
237,8,5.0
247,8,1.0
248,8,4.0
250,8,3.0
252,8,1.0
254,8,1.0
255,8,1.0
256,8,4.0
258,8,2.0
259,8,1.0
264,8,4.0
266,8,3.0
272,8,2.0
275,8,2.0
277,8,1.0
279,8,2.0
280,8,5.0
281,8,1.0
282,8,2.0
284,8,3.0
288,8,4.0
289,8,1.0
293,8,3.0
2,9,2.0
3,9,3.0
7,9,2.0
8,9,4.0
9,9,3.0
10,9,3.0
11,9,2.0
13,9,1.0
16,9,3.0
18,9,5.0
19,9,4.0
23,9,1.0
25,9,3.0
27,9,2.0
28,9,1.0
31,9,4.0
32,9,2.0
33,9,3.0
34,9,3.0
35,9,4.0
36,9,1.0
41,9,1.0
50,9,4.0
52,9,3.0
54,9,3.0
56,9,1.0
61,9,1.0
63,9,4.0
64,9,1.0
65,9,4.0
68,9,1.0
69,9,1.0
72,9,1.0
73,9,1.0
74,9,1.0
78,9,1.0
82,9,2.0
84,9,1.0
85,9,2.0
86,9,4.0
87,9,5.0
88,9,3.0
89,9,1.0
97,9,1.0
100,9,1.0
102,9,1.0
105,9,1.0
106,9,3.0
107,9,1.0
108,9,3.0
110,9,1.0
113,9,1.0
115,9,2.0
117,9,1.0
121,9,3.0
122,9,5.0
124,9,2.0
125,9,1.0
134,9,2.0
135,9,2.0
136,9,1.0
137,9,1.0
140,9,1.0
145,9,1.0
149,9,4.0
152,9,1.0
154,9,2.0
157,9,1.0
158,9,1.0
159,9,1.0
161,9,3.0
170,9,2.0
180,9,4.0
182,9,1.0
183,9,5.0
184,9,1.0
189,9,3.0
190,9,2.0
192,9,1.0
193,9,1.0
197,9,4.0
199,9,1.0
200,9,3.0
212,9,3.0
213,9,1.0
218,9,1.0
219,9,1.0
220,9,3.0
221,9,1.0
222,9,3.0
224,9,1.0
225,9,2.0
228,9,1.0
229,9,2.0
230,9,3.0
231,9,1.0
232,9,1.0
236,9,5.0
238,9,2.0
242,9,1.0
245,9,1.0
248,9,1.0
253,9,1.0
257,9,3.0
258,9,2.0
259,9,1.0
260,9,2.0
261,9,3.0
262,9,2.0
263,9,2.0
264,9,2.0
267,9,1.0
268,9,3.0
272,9,3.0
273,9,2.0
274,9,3.0
276,9,3.0
277,9,2.0
278,9,1.0
281,9,2.0
286,9,2.0
289,9,3.0
291,9,3.0
294,9,2.0
297,9,2.0
298,9,1.0
9,10,2.0
11,10,1.0
12,10,2.0
14,10,1.0
16,10,2.0
17,10,1.0
19,10,2.0
20,10,3.0
22,10,5.0
23,10,2.0
26,10,3.0
27,10,3.0
29,10,3.0
30,10,2.0
33,10,2.0
35,10,2.0
36,10,2.0
37,10,4.0
38,10,2.0
40,10,3.0
41,10,2.0
44,10,1.0
45,10,1.0
46,10,1.0
47,10,1.0
48,10,1.0
50,10,1.0
57,10,2.0
58,10,3.0
62,10,1.0
63,10,1.0
73,10,3.0
75,10,3.0
80,10,3.0
82,10,4.0
84,10,3.0
86,10,2.0
88,10,4.0
92,10,5.0
95,10,3.0
98,10,5.0
102,10,2.0
103,10,3.0
106,10,4.0
107,10,4.0
110,10,4.0
111,10,3.0
114,10,5.0
120,10,2.0
121,10,2.0
129,10,2.0
130,10,2.0
131,10,3.0
133,10,1.0
135,10,1.0
136,10,2.0
139,10,2.0
142,10,2.0
144,10,2.0
146,10,4.0
147,10,1.0
148,10,4.0
149,10,2.0
151,10,1.0
152,10,2.0
156,10,4.0
157,10,1.0
160,10,3.0
163,10,2.0
167,10,2.0
171,10,1.0
176,10,1.0
177,10,1.0
179,10,3.0
182,10,2.0
183,10,1.0
184,10,3.0
185,10,1.0
186,10,1.0
187,10,4.0
188,10,2.0
189,10,3.0
190,10,1.0
191,10,3.0
192,10,3.0
194,10,2.0
198,10,1.0
200,10,4.0
201,10,4.0
202,10,2.0
204,10,1.0
205,10,1.0
206,10,1.0
207,10,3.0
209,10,2.0
210,10,2.0
215,10,3.0
217,10,1.0
218,10,3.0
219,10,3.0
221,10,3.0
222,10,4.0
223,10,1.0
226,10,4.0
227,10,1.0
228,10,2.0
233,10,2.0
235,10,3.0
236,10,1.0
240,10,4.0
242,10,2.0
246,10,1.0
249,10,4.0
253,10,4.0
254,10,1.0
255,10,3.0
256,10,2.0
258,10,2.0
260,10,1.0
261,10,1.0
263,10,1.0
267,10,3.0
271,10,1.0
274,10,5.0
281,10,1.0
283,10,1.0
286,10,2.0
287,10,2.0
289,10,2.0
290,10,1.0
292,10,4.0
293,10,5.0
294,10,1.0
296,10,3.0
297,10,1.0
298,10,2.0
299,10,2.0
1,11,4.0
2,11,1.0
4,11,2.0
6,11,1.0
7,11,1.0
15,11,3.0
18,11,1.0
19,11,5.0
20,11,1.0
23,11,1.0
26,11,1.0
31,11,4.0
32,11,1.0
34,11,3.0
35,11,2.0
36,11,3.0
40,11,2.0
41,11,1.0
45,11,3.0
49,11,2.0
50,11,4.0
51,11,2.0
54,11,2.0
56,11,3.0
57,11,2.0
58,11,1.0
64,11,2.0
65,11,3.0
66,11,3.0
67,11,2.0
68,11,1.0
71,11,2.0
72,11,1.0
73,11,1.0
75,11,2.0
76,11,2.0
77,11,2.0
79,11,2.0
80,11,4.0
83,11,3.0
86,11,1.0
87,11,2.0
88,11,3.0
89,11,3.0
91,11,2.0
94,11,2.0
96,11,1.0
97,11,3.0
98,11,2.0
99,11,1.0
102,11,1.0
103,11,1.0
104,11,5.0
106,11,3.0
111,11,3.0
113,11,3.0
119,11,3.0
120,11,1.0
123,11,3.0
124,11,3.0
125,11,3.0
126,11,2.0
128,11,1.0
129,11,2.0
131,11,4.0
132,11,3.0
133,11,2.0
136,11,4.0
138,11,2.0
140,11,1.0
142,11,1.0
145,11,1.0
146,11,3.0
152,11,2.0
153,11,4.0
156,11,2.0
160,11,2.0
161,11,2.0
163,11,1.0
165,11,3.0
166,11,2.0
168,11,1.0
169,11,3.0
173,11,3.0
174,11,1.0
175,11,1.0
177,11,2.0
178,11,4.0
180,11,5.0
181,11,1.0
184,11,1.0
185,11,3.0
186,11,2.0
191,11,3.0
192,11,3.0
195,11,1.0
197,11,1.0
201,11,4.0
206,11,3.0
211,11,1.0
216,11,1.0
217,11,3.0
225,11,1.0
227,11,1.0
234,11,1.0
236,11,3.0
237,11,1.0
241,11,2.0
243,11,2.0
244,11,4.0
245,11,3.0
249,11,2.0
252,11,3.0
253,11,2.0
256,11,2.0
260,11,3.0
263,11,1.0
264,11,1.0
269,11,3.0
272,11,1.0
273,11,3.0
276,11,2.0
279,11,3.0
281,11,5.0
286,11,3.0
287,11,3.0
288,11,3.0
289,11,3.0
294,11,1.0
299,11,2.0
3,12,1.0
5,12,3.0
6,12,3.0
8,12,1.0
10,12,3.0
11,12,3.0
13,12,1.0
15,12,2.0
18,12,3.0
19,12,1.0
20,12,3.0
21,12,1.0
22,12,2.0
26,12,4.0
28,12,2.0
30,12,1.0
32,12,3.0
33,12,3.0
35,12,3.0
37,12,1.0
39,12,1.0
42,12,2.0
43,12,1.0
44,12,3.0
45,12,4.0
47,12,4.0
52,12,1.0
53,12,1.0
54,12,1.0
56,12,3.0
58,12,3.0
59,12,4.0
63,12,2.0
67,12,1.0
70,12,3.0
74,12,1.0
76,12,1.0
78,12,1.0
79,12,4.0
81,12,4.0
84,12,3.0
90,12,5.0
96,12,2.0
98,12,2.0
102,12,2.0
106,12,5.0
109,12,2.0
117,12,2.0
118,12,1.0
121,12,2.0
124,12,1.0
126,12,2.0
128,12,2.0
131,12,4.0
143,12,3.0
144,12,3.0
145,12,1.0
146,12,1.0
148,12,4.0
150,12,5.0
152,12,4.0
154,12,2.0
155,12,1.0
156,12,4.0
161,12,2.0
164,12,2.0
166,12,1.0
172,12,1.0
174,12,2.0
175,12,1.0
179,12,1.0
182,12,2.0
185,12,1.0
186,12,2.0
191,12,3.0
194,12,3.0
196,12,2.0
200,12,1.0
201,12,3.0
202,12,1.0
204,12,1.0
206,12,2.0
207,12,2.0
211,12,3.0
212,12,1.0
213,12,2.0
217,12,2.0
219,12,3.0
220,12,3.0
223,12,3.0
225,12,3.0
226,12,4.0
227,12,4.0
229,12,2.0
230,12,3.0
231,12,3.0
240,12,1.0
245,12,4.0
253,12,4.0
256,12,3.0
258,12,2.0
260,12,1.0
261,12,4.0
263,12,3.0
265,12,3.0
270,12,3.0
273,12,1.0
275,12,4.0
279,12,3.0
280,12,3.0
282,12,2.0
284,12,2.0
287,12,2.0
291,12,1.0
292,12,3.0
293,12,3.0
294,12,2.0
295,12,3.0
297,12,1.0
2,13,2.0
3,13,5.0
6,13,3.0
8,13,2.0
9,13,1.0
12,13,2.0
14,13,2.0
17,13,2.0
18,13,1.0
20,13,5.0
22,13,3.0
23,13,3.0
24,13,1.0
26,13,3.0
27,13,1.0
31,13,1.0
33,13,2.0
34,13,1.0
35,13,2.0
36,13,2.0
37,13,3.0
38,13,1.0
39,13,2.0
40,13,2.0
42,13,3.0
44,13,2.0
46,13,3.0
47,13,5.0
50,13,2.0
53,13,2.0
58,13,1.0
63,13,2.0
64,13,1.0
65,13,5.0
66,13,1.0
67,13,3.0
68,13,2.0
71,13,3.0
72,13,3.0
73,13,1.0
76,13,4.0
77,13,1.0
78,13,1.0
79,13,3.0
82,13,2.0
83,13,1.0
85,13,4.0
88,13,1.0
89,13,4.0
90,13,3.0
92,13,2.0
93,13,1.0
94,13,4.0
97,13,2.0
98,13,3.0
99,13,1.0
101,13,1.0
103,13,3.0
105,13,3.0
107,13,3.0
108,13,1.0
118,13,4.0
119,13,4.0
120,13,2.0
124,13,3.0
125,13,3.0
126,13,3.0
128,13,2.0
131,13,1.0
134,13,1.0
138,13,2.0
139,13,1.0
141,13,2.0
142,13,3.0
143,13,2.0
144,13,1.0
145,13,5.0
146,13,2.0
148,13,2.0
156,13,2.0
161,13,1.0
162,13,5.0
163,13,3.0
164,13,2.0
165,13,1.0
168,13,4.0
170,13,1.0
173,13,1.0
180,13,1.0
181,13,1.0
186,13,2.0
187,13,1.0
193,13,4.0
196,13,2.0
197,13,5.0
199,13,1.0
203,13,2.0
207,13,3.0
208,13,2.0
209,13,2.0
212,13,4.0
215,13,3.0
217,13,1.0
219,13,1.0
220,13,1.0
223,13,1.0
224,13,1.0
226,13,2.0
229,13,1.0
230,13,1.0
232,13,2.0
239,13,2.0
241,13,3.0
246,13,5.0
247,13,2.0
249,13,4.0
251,13,2.0
254,13,3.0
255,13,3.0
257,13,3.0
259,13,1.0
271,13,3.0
272,13,4.0
278,13,3.0
285,13,4.0
298,13,3.0
299,13,3.0
1,14,2.0
2,14,1.0
3,14,3.0
10,14,1.0
11,14,1.0
14,14,1.0
15,14,2.0
16,14,1.0
20,14,3.0
22,14,3.0
24,14,1.0
27,14,2.0
31,14,2.0
33,14,3.0
34,14,1.0
35,14,4.0
38,14,5.0
39,14,2.0
40,14,2.0
41,14,3.0
42,14,5.0
43,14,2.0
44,14,2.0
45,14,2.0
46,14,1.0
51,14,4.0
52,14,2.0
53,14,1.0
56,14,1.0
61,14,2.0
62,14,1.0
66,14,4.0
68,14,2.0
69,14,2.0
74,14,4.0
78,14,5.0
79,14,3.0
87,14,5.0
88,14,1.0
90,14,1.0
92,14,1.0
96,14,2.0
98,14,3.0
104,14,1.0
109,14,3.0
113,14,1.0
121,14,1.0
123,14,2.0
125,14,1.0
128,14,2.0
131,14,1.0
135,14,1.0
136,14,2.0
137,14,4.0
138,14,2.0
142,14,2.0
144,14,2.0
146,14,2.0
148,14,3.0
154,14,3.0
155,14,1.0
157,14,2.0
158,14,3.0
160,14,2.0
162,14,2.0
166,14,2.0
167,14,3.0
170,14,1.0
174,14,3.0
179,14,2.0
181,14,2.0
186,14,1.0
187,14,4.0
188,14,3.0
189,14,1.0
190,14,2.0
191,14,4.0
194,14,4.0
198,14,4.0
199,14,1.0
200,14,1.0
202,14,2.0
205,14,2.0
206,14,2.0
207,14,1.0
208,14,2.0
209,14,2.0
210,14,3.0
211,14,2.0
216,14,4.0
220,14,5.0
222,14,1.0
224,14,3.0
226,14,1.0
227,14,1.0
228,14,4.0
229,14,1.0
230,14,4.0
231,14,4.0
235,14,1.0
236,14,5.0
245,14,1.0
248,14,2.0
251,14,3.0
255,14,1.0
258,14,2.0
264,14,1.0
266,14,1.0
276,14,3.0
278,14,3.0
285,14,4.0
289,14,2.0
292,14,2.0
295,14,2.0
297,14,1.0
300,14,1.0
5,15,3.0
6,15,2.0
8,15,2.0
9,15,2.0
10,15,2.0
14,15,1.0
16,15,4.0
17,15,1.0
18,15,2.0
21,15,2.0
25,15,2.0
26,15,2.0
28,15,1.0
32,15,2.0
33,15,1.0
34,15,1.0
35,15,1.0
39,15,1.0
45,15,1.0
47,15,1.0
48,15,4.0
50,15,1.0
55,15,4.0
57,15,1.0
58,15,3.0
59,15,4.0
60,15,1.0
61,15,4.0
62,15,1.0
63,15,2.0
64,15,1.0
67,15,1.0
69,15,2.0
71,15,2.0
78,15,3.0
80,15,2.0
81,15,3.0
82,15,3.0
89,15,4.0
90,15,3.0
95,15,2.0
97,15,2.0
103,15,4.0
104,15,2.0
109,15,2.0
111,15,2.0
112,15,3.0
115,15,1.0
117,15,1.0
118,15,4.0
120,15,1.0
121,15,3.0
123,15,2.0
125,15,4.0
129,15,2.0
131,15,4.0
135,15,1.0
136,15,4.0
138,15,1.0
140,15,2.0
143,15,3.0
149,15,3.0
151,15,1.0
154,15,3.0
160,15,2.0
162,15,4.0
167,15,4.0
168,15,2.0
170,15,4.0
180,15,3.0
185,15,1.0
193,15,1.0
194,15,1.0
197,15,3.0
199,15,2.0
200,15,2.0
201,15,1.0
202,15,2.0
204,15,3.0
205,15,5.0
206,15,2.0
207,15,2.0
208,15,3.0
209,15,4.0
210,15,3.0
211,15,3.0
212,15,2.0
213,15,1.0
214,15,1.0
217,15,2.0
218,15,1.0
220,15,2.0
222,15,1.0
223,15,1.0
228,15,3.0
232,15,1.0
236,15,2.0
238,15,3.0
239,15,3.0
244,15,1.0
245,15,3.0
246,15,2.0
248,15,5.0
251,15,3.0
252,15,5.0
253,15,2.0
257,15,2.0
262,15,3.0
263,15,1.0
265,15,5.0
266,15,2.0
268,15,1.0
274,15,2.0
275,15,3.0
278,15,1.0
279,15,1.0
284,15,2.0
285,15,3.0
286,15,2.0
292,15,4.0
293,15,2.0
297,15,3.0
299,15,2.0
300,15,2.0
1,16,4.0
2,16,1.0
5,16,4.0
6,16,1.0
13,16,1.0
17,16,4.0
22,16,2.0
23,16,2.0
28,16,3.0
29,16,2.0
30,16,1.0
34,16,2.0
35,16,1.0
38,16,2.0
39,16,2.0
40,16,1.0
41,16,5.0
48,16,1.0
50,16,1.0
52,16,1.0
54,16,3.0
56,16,1.0
58,16,1.0
63,16,3.0
64,16,1.0
65,16,3.0
67,16,4.0
69,16,1.0
70,16,2.0
71,16,3.0
73,16,1.0
74,16,2.0
80,16,3.0
82,16,3.0
86,16,1.0
87,16,2.0
88,16,3.0
92,16,1.0
97,16,2.0
99,16,1.0
104,16,1.0
108,16,4.0
111,16,3.0
113,16,1.0
119,16,1.0
121,16,2.0
122,16,2.0
123,16,3.0
124,16,1.0
125,16,3.0
126,16,2.0
131,16,2.0
132,16,4.0
134,16,1.0
136,16,3.0
138,16,2.0
139,16,2.0
140,16,1.0
143,16,4.0
145,16,2.0
149,16,1.0
150,16,1.0
152,16,1.0
154,16,4.0
155,16,2.0
160,16,2.0
163,16,1.0
164,16,2.0
165,16,1.0
167,16,1.0
168,16,2.0
169,16,2.0
173,16,3.0
180,16,1.0
183,16,2.0
184,16,1.0
189,16,1.0
195,16,4.0
196,16,1.0
201,16,2.0
202,16,3.0
203,16,1.0
204,16,3.0
206,16,1.0
207,16,4.0
208,16,2.0
214,16,3.0
215,16,2.0
216,16,2.0
218,16,4.0
219,16,1.0
225,16,2.0
226,16,2.0
227,16,1.0
230,16,2.0
232,16,4.0
234,16,2.0
236,16,3.0
238,16,4.0
239,16,5.0
246,16,1.0
249,16,2.0
250,16,2.0
258,16,1.0
262,16,3.0
269,16,4.0
272,16,1.0
273,16,2.0
274,16,2.0
275,16,1.0
279,16,3.0
282,16,2.0
285,16,2.0
295,16,1.0
299,16,1.0
300,16,1.0
1,17,2.0
5,17,3.0
7,17,5.0
8,17,1.0
15,17,1.0
18,17,2.0
19,17,5.0
21,17,3.0
23,17,3.0
25,17,5.0
27,17,2.0
28,17,3.0
29,17,2.0
30,17,1.0
33,17,2.0
34,17,4.0
38,17,1.0
41,17,2.0
49,17,1.0
50,17,2.0
51,17,1.0
55,17,5.0
58,17,1.0
59,17,4.0
60,17,1.0
61,17,1.0
62,17,1.0
67,17,5.0
69,17,1.0
70,17,2.0
71,17,1.0
73,17,2.0
75,17,1.0
77,17,3.0
81,17,2.0
84,17,2.0
86,17,3.0
88,17,1.0
92,17,3.0
93,17,5.0
96,17,1.0
102,17,1.0
104,17,3.0
105,17,2.0
106,17,1.0
107,17,1.0
108,17,3.0
112,17,1.0
113,17,5.0
116,17,1.0
117,17,2.0
119,17,3.0
120,17,1.0
122,17,1.0
124,17,3.0
126,17,3.0
127,17,2.0
132,17,3.0
136,17,1.0
140,17,3.0
142,17,1.0
146,17,2.0
147,17,3.0
150,17,1.0
153,17,3.0
157,17,1.0
161,17,3.0
162,17,4.0
165,17,3.0
168,17,1.0
173,17,2.0
175,17,1.0
177,17,1.0
182,17,2.0
189,17,5.0
190,17,1.0
196,17,3.0
198,17,2.0
199,17,2.0
200,17,5.0
201,17,2.0
203,17,2.0
205,17,1.0
206,17,4.0
207,17,1.0
208,17,5.0
210,17,3.0
211,17,3.0
215,17,3.0
217,17,4.0
219,17,1.0
222,17,4.0
224,17,3.0
227,17,1.0
230,17,2.0
232,17,3.0
233,17,4.0
238,17,4.0
244,17,2.0
245,17,3.0
247,17,2.0
248,17,2.0
252,17,1.0
256,17,3.0
257,17,3.0
260,17,2.0
263,17,4.0
265,17,2.0
267,17,2.0
270,17,4.0
273,17,1.0
274,17,2.0
278,17,1.0
279,17,2.0
283,17,1.0
288,17,3.0
289,17,2.0
291,17,1.0
294,17,2.0
295,17,2.0
296,17,1.0
297,17,4.0
299,17,5.0
2,18,5.0
3,18,4.0
4,18,1.0
5,18,5.0
8,18,1.0
9,18,2.0
11,18,1.0
13,18,1.0
14,18,1.0
15,18,4.0
18,18,1.0
22,18,3.0
25,18,1.0
26,18,1.0
27,18,5.0
29,18,1.0
32,18,1.0
33,18,1.0
34,18,5.0
40,18,1.0
41,18,2.0
42,18,2.0
46,18,3.0
47,18,1.0
53,18,1.0
55,18,1.0
57,18,1.0
58,18,1.0
59,18,4.0
61,18,2.0
62,18,1.0
63,18,3.0
66,18,5.0
67,18,3.0
68,18,4.0
73,18,1.0
74,18,2.0
77,18,2.0
86,18,2.0
90,18,3.0
91,18,1.0
92,18,1.0
94,18,1.0
96,18,2.0
97,18,1.0
101,18,1.0
102,18,2.0
103,18,1.0
104,18,3.0
110,18,1.0
113,18,2.0
115,18,1.0
117,18,2.0
118,18,1.0
119,18,2.0
121,18,1.0
122,18,2.0
127,18,1.0
128,18,4.0
129,18,2.0
130,18,1.0
131,18,2.0
132,18,3.0
133,18,5.0
136,18,1.0
137,18,5.0
138,18,2.0
140,18,1.0
142,18,1.0
143,18,1.0
144,18,4.0
146,18,4.0
147,18,1.0
148,18,5.0
151,18,1.0
152,18,3.0
153,18,4.0
154,18,2.0
156,18,1.0
158,18,1.0
159,18,1.0
161,18,1.0
165,18,5.0
166,18,1.0
167,18,1.0
171,18,2.0
173,18,1.0
174,18,1.0
176,18,3.0
178,18,1.0
179,18,5.0
184,18,5.0
185,18,2.0
188,18,2.0
189,18,4.0
194,18,1.0
196,18,2.0
198,18,1.0
199,18,1.0
203,18,1.0
204,18,1.0
209,18,4.0
213,18,1.0
214,18,1.0
216,18,1.0
219,18,4.0
221,18,4.0
225,18,3.0
228,18,4.0
230,18,1.0
233,18,1.0
234,18,3.0
236,18,1.0
237,18,1.0
241,18,1.0
242,18,2.0
243,18,1.0
245,18,1.0
246,18,2.0
249,18,3.0
250,18,4.0
252,18,3.0
257,18,2.0
259,18,4.0
261,18,1.0
262,18,2.0
264,18,2.0
268,18,2.0
269,18,1.0
272,18,4.0
274,18,2.0
276,18,1.0
277,18,2.0
280,18,2.0
282,18,2.0
284,18,1.0
286,18,2.0
290,18,4.0
292,18,1.0
293,18,3.0
294,18,3.0
295,18,4.0
298,18,1.0
1,19,2.0
8,19,1.0
12,19,2.0
13,19,5.0
15,19,2.0
17,19,3.0
18,19,3.0
19,19,2.0
25,19,1.0
27,19,3.0
28,19,3.0
31,19,4.0
32,19,4.0
34,19,1.0
35,19,2.0
36,19,3.0
37,19,1.0
40,19,2.0
41,19,2.0
42,19,3.0
44,19,1.0
45,19,3.0
52,19,1.0
53,19,3.0
55,19,1.0
58,19,1.0
59,19,1.0
60,19,2.0
61,19,4.0
62,19,1.0
63,19,2.0
68,19,2.0
69,19,1.0
74,19,1.0
76,19,2.0
78,19,3.0
79,19,2.0
82,19,1.0
83,19,3.0
84,19,1.0
87,19,2.0
91,19,3.0
92,19,4.0
93,19,1.0
94,19,1.0
98,19,2.0
99,19,3.0
104,19,1.0
105,19,2.0
111,19,1.0
116,19,3.0
119,19,3.0
122,19,1.0
123,19,4.0
124,19,1.0
125,19,1.0
132,19,1.0
133,19,3.0
134,19,4.0
135,19,2.0
136,19,1.0
144,19,3.0
145,19,2.0
146,19,2.0
148,19,3.0
152,19,1.0
155,19,1.0
156,19,2.0
159,19,2.0
163,19,3.0
165,19,1.0
171,19,2.0
172,19,3.0
174,19,4.0
176,19,1.0
182,19,1.0
183,19,2.0
185,19,2.0
190,19,5.0
194,19,5.0
195,19,3.0
196,19,2.0
197,19,1.0
203,19,3.0
204,19,2.0
207,19,2.0
213,19,1.0
217,19,1.0
218,19,1.0
220,19,5.0
223,19,4.0
224,19,2.0
225,19,2.0
226,19,2.0
228,19,3.0
232,19,1.0
235,19,3.0
238,19,1.0
239,19,1.0
241,19,2.0
243,19,3.0
244,19,3.0
246,19,2.0
247,19,3.0
248,19,1.0
251,19,3.0
253,19,2.0
255,19,1.0
256,19,3.0
259,19,2.0
261,19,1.0
265,19,4.0
269,19,3.0
271,19,1.0
274,19,2.0
275,19,2.0
277,19,1.0
278,19,4.0
279,19,4.0
282,19,1.0
283,19,1.0
288,19,1.0
292,19,3.0
293,19,1.0
298,19,2.0
3,20,2.0
4,20,4.0
5,20,4.0
7,20,4.0
8,20,3.0
9,20,3.0
11,20,4.0
15,20,1.0
16,20,2.0
17,20,4.0
18,20,1.0
21,20,2.0
23,20,2.0
24,20,1.0
26,20,2.0
27,20,3.0
31,20,2.0
34,20,2.0
41,20,3.0
52,20,4.0
54,20,1.0
58,20,2.0
59,20,2.0
62,20,3.0
64,20,1.0
65,20,1.0
68,20,2.0
69,20,4.0
70,20,2.0
72,20,3.0
73,20,2.0
75,20,1.0
76,20,2.0
77,20,3.0
82,20,1.0
83,20,4.0
85,20,1.0
86,20,1.0
87,20,2.0
88,20,1.0
90,20,2.0
93,20,4.0
95,20,1.0
96,20,1.0
97,20,3.0
98,20,5.0
102,20,2.0
103,20,3.0
105,20,3.0
108,20,1.0
114,20,1.0
117,20,5.0
118,20,2.0
123,20,1.0
126,20,4.0
129,20,1.0
132,20,2.0
133,20,1.0
134,20,1.0
138,20,3.0
143,20,3.0
146,20,2.0
148,20,3.0
151,20,3.0
153,20,2.0
154,20,1.0
156,20,2.0
159,20,3.0
161,20,5.0
164,20,3.0
165,20,1.0
167,20,2.0
170,20,4.0
172,20,2.0
175,20,3.0
180,20,3.0
181,20,4.0
182,20,3.0
183,20,4.0
185,20,1.0
186,20,2.0
187,20,2.0
188,20,2.0
190,20,2.0
191,20,1.0
192,20,1.0
194,20,2.0
195,20,3.0
196,20,1.0
199,20,1.0
200,20,3.0
203,20,2.0
206,20,3.0
208,20,2.0
209,20,1.0
210,20,1.0
211,20,2.0
215,20,2.0
216,20,2.0
219,20,3.0
225,20,2.0
228,20,3.0
232,20,3.0
240,20,1.0
241,20,3.0
246,20,5.0
250,20,3.0
253,20,3.0
261,20,2.0
263,20,4.0
265,20,1.0
268,20,2.0
270,20,3.0
271,20,1.0
272,20,1.0
273,20,3.0
275,20,3.0
281,20,4.0
282,20,2.0
284,20,4.0
286,20,2.0
292,20,1.0
297,20,2.0
300,20,5.0
2,21,3.0
4,21,2.0
9,21,2.0
13,21,1.0
15,21,1.0
16,21,1.0
18,21,2.0
21,21,4.0
22,21,3.0
26,21,2.0
27,21,2.0
30,21,1.0
31,21,3.0
35,21,4.0
38,21,2.0
40,21,4.0
43,21,4.0
45,21,1.0
46,21,4.0
52,21,3.0
54,21,1.0
58,21,1.0
59,21,1.0
60,21,5.0
67,21,5.0
69,21,3.0
73,21,2.0
74,21,2.0
77,21,3.0
79,21,3.0
80,21,1.0
81,21,4.0
85,21,3.0
88,21,4.0
89,21,3.0
91,21,2.0
97,21,3.0
99,21,1.0
104,21,1.0
105,21,2.0
114,21,5.0
116,21,1.0
120,21,2.0
121,21,1.0
123,21,4.0
124,21,4.0
127,21,1.0
128,21,1.0
130,21,1.0
132,21,1.0
133,21,1.0
135,21,4.0
137,21,3.0
138,21,3.0
141,21,2.0
144,21,1.0
146,21,1.0
149,21,2.0
152,21,2.0
155,21,2.0
157,21,2.0
158,21,2.0
159,21,1.0
161,21,1.0
162,21,3.0
168,21,1.0
169,21,1.0
173,21,3.0
174,21,1.0
177,21,3.0
180,21,3.0
181,21,1.0
184,21,2.0
186,21,1.0
188,21,1.0
193,21,3.0
195,21,2.0
199,21,1.0
205,21,2.0
209,21,3.0
213,21,1.0
216,21,2.0
220,21,2.0
221,21,1.0
222,21,2.0
223,21,5.0
224,21,3.0
227,21,1.0
228,21,3.0
229,21,4.0
232,21,1.0
234,21,3.0
235,21,2.0
237,21,3.0
241,21,2.0
249,21,5.0
250,21,2.0
251,21,2.0
252,21,1.0
254,21,2.0
256,21,1.0
257,21,3.0
259,21,5.0
260,21,3.0
262,21,3.0
268,21,1.0
270,21,3.0
273,21,1.0
274,21,3.0
275,21,2.0
277,21,3.0
278,21,2.0
280,21,3.0
281,21,4.0
282,21,2.0
288,21,1.0
289,21,3.0
292,21,5.0
293,21,1.0
295,21,2.0
296,21,1.0
297,21,2.0
298,21,3.0
4,22,2.0
5,22,4.0
10,22,3.0
11,22,3.0
13,22,3.0
16,22,4.0
19,22,4.0
20,22,5.0
23,22,4.0
24,22,4.0
27,22,4.0
28,22,1.0
29,22,4.0
32,22,1.0
34,22,3.0
35,22,3.0
39,22,1.0
42,22,2.0
43,22,1.0
45,22,3.0
48,22,1.0
50,22,1.0
51,22,3.0
55,22,3.0
58,22,1.0
59,22,2.0
60,22,2.0
62,22,2.0
64,22,1.0
69,22,5.0
70,22,3.0
72,22,4.0
75,22,2.0
76,22,3.0
77,22,1.0
78,22,2.0
80,22,1.0
84,22,2.0
86,22,1.0
88,22,2.0
89,22,5.0
90,22,1.0
92,22,3.0
94,22,3.0
95,22,2.0
96,22,1.0
103,22,4.0
104,22,3.0
105,22,3.0
106,22,5.0
107,22,3.0
108,22,1.0
109,22,2.0
110,22,2.0
111,22,2.0
114,22,2.0
115,22,2.0
118,22,1.0
121,22,1.0
123,22,2.0
125,22,3.0
126,22,1.0
129,22,2.0
131,22,3.0
133,22,4.0
136,22,1.0
140,22,3.0
145,22,1.0
147,22,3.0
152,22,5.0
153,22,2.0
154,22,1.0
156,22,3.0
158,22,2.0
160,22,1.0
161,22,2.0
165,22,3.0
169,22,1.0
176,22,3.0
177,22,3.0
179,22,1.0
180,22,2.0
183,22,2.0
184,22,4.0
193,22,1.0
198,22,1.0
199,22,4.0
201,22,5.0
203,22,3.0
204,22,2.0
205,22,3.0
210,22,2.0
212,22,4.0
213,22,1.0
218,22,4.0
219,22,1.0
222,22,3.0
232,22,1.0
238,22,1.0
239,22,3.0
244,22,2.0
246,22,2.0
253,22,3.0
257,22,3.0
258,22,5.0
263,22,1.0
264,22,3.0
265,22,2.0
267,22,1.0
270,22,2.0
271,22,1.0
272,22,1.0
278,22,1.0
281,22,2.0
283,22,2.0
284,22,3.0
288,22,1.0
290,22,2.0
292,22,1.0
295,22,1.0
296,22,1.0
297,22,3.0
299,22,2.0
3,23,5.0
10,23,3.0
11,23,1.0
12,23,1.0
14,23,2.0
15,23,3.0
19,23,3.0
21,23,1.0
42,23,4.0
45,23,3.0
48,23,4.0
51,23,1.0
56,23,1.0
57,23,3.0
60,23,5.0
61,23,2.0
64,23,1.0
65,23,2.0
72,23,4.0
80,23,3.0
82,23,2.0
84,23,3.0
86,23,3.0
87,23,3.0
89,23,1.0
91,23,3.0
92,23,1.0
93,23,1.0
94,23,2.0
95,23,2.0
99,23,2.0
101,23,2.0
111,23,2.0
112,23,4.0
117,23,2.0
121,23,2.0
126,23,3.0
130,23,5.0
133,23,1.0
134,23,1.0
135,23,3.0
137,23,2.0
140,23,3.0
141,23,1.0
144,23,1.0
146,23,2.0
147,23,2.0
148,23,5.0
149,23,1.0
150,23,1.0
155,23,2.0
157,23,4.0
159,23,1.0
160,23,1.0
162,23,1.0
164,23,5.0
166,23,2.0
167,23,5.0
171,23,1.0
173,23,3.0
178,23,4.0
185,23,4.0
186,23,2.0
188,23,1.0
191,23,2.0
193,23,1.0
195,23,2.0
200,23,2.0
202,23,1.0
206,23,1.0
207,23,1.0
211,23,2.0
212,23,3.0
214,23,3.0
216,23,3.0
218,23,2.0
219,23,1.0
222,23,3.0
227,23,1.0
228,23,1.0
229,23,5.0
235,23,1.0
242,23,2.0
243,23,1.0
247,23,2.0
249,23,2.0
250,23,2.0
254,23,4.0
257,23,2.0
259,23,2.0
260,23,3.0
261,23,3.0
265,23,2.0
266,23,1.0
270,23,1.0
273,23,1.0
276,23,1.0
277,23,3.0
284,23,1.0
286,23,1.0
288,23,2.0
291,23,3.0
293,23,3.0
296,23,4.0
299,23,1.0
300,23,1.0
4,24,3.0
5,24,1.0
6,24,1.0
7,24,2.0
13,24,2.0
14,24,2.0
15,24,1.0
16,24,3.0
18,24,4.0
19,24,2.0
20,24,4.0
25,24,2.0
30,24,1.0
31,24,3.0
33,24,2.0
35,24,1.0
36,24,4.0
42,24,1.0
43,24,3.0
45,24,4.0
46,24,1.0
47,24,3.0
49,24,2.0
50,24,1.0
51,24,2.0
53,24,1.0
57,24,3.0
59,24,1.0
60,24,3.0
62,24,1.0
63,24,3.0
66,24,2.0
68,24,2.0
69,24,2.0
71,24,3.0
73,24,5.0
77,24,1.0
78,24,4.0
81,24,3.0
83,24,2.0
84,24,3.0
86,24,5.0
90,24,4.0
93,24,2.0
95,24,4.0
96,24,1.0
97,24,1.0
99,24,2.0
100,24,2.0
106,24,5.0
107,24,1.0
110,24,1.0
111,24,1.0
112,24,1.0
114,24,3.0
115,24,2.0
119,24,2.0
124,24,2.0
125,24,2.0
128,24,3.0
129,24,1.0
130,24,1.0
132,24,1.0
135,24,2.0
137,24,2.0
141,24,1.0
149,24,2.0
151,24,4.0
153,24,3.0
155,24,1.0
165,24,2.0
167,24,3.0
173,24,3.0
174,24,4.0
176,24,3.0
180,24,1.0
181,24,2.0
182,24,1.0
184,24,1.0
185,24,2.0
188,24,5.0
190,24,2.0
192,24,2.0
193,24,1.0
195,24,1.0
200,24,2.0
201,24,3.0
202,24,3.0
203,24,1.0
205,24,3.0
207,24,1.0
208,24,1.0
210,24,1.0
211,24,1.0
212,24,2.0
219,24,2.0
220,24,1.0
222,24,3.0
224,24,2.0
229,24,1.0
230,24,4.0
232,24,2.0
233,24,2.0
235,24,2.0
236,24,1.0
238,24,2.0
239,24,1.0
241,24,2.0
243,24,2.0
245,24,1.0
249,24,1.0
252,24,5.0
253,24,1.0
255,24,4.0
256,24,2.0
258,24,1.0
262,24,1.0
265,24,5.0
266,24,3.0
269,24,3.0
270,24,1.0
273,24,1.0
279,24,5.0
283,24,1.0
287,24,4.0
292,24,3.0
294,24,2.0
295,24,3.0
296,24,3.0
297,24,3.0
299,24,3.0
8,25,2.0
10,25,1.0
13,25,3.0
18,25,3.0
19,25,3.0
20,25,1.0
22,25,3.0
23,25,3.0
25,25,2.0
26,25,2.0
29,25,4.0
30,25,4.0
31,25,1.0
37,25,4.0
43,25,5.0
44,25,1.0
48,25,4.0
51,25,5.0
54,25,4.0
55,25,3.0
64,25,2.0
65,25,1.0
71,25,5.0
73,25,1.0
77,25,2.0
79,25,2.0
84,25,2.0
85,25,2.0
86,25,5.0
88,25,2.0
90,25,2.0
91,25,2.0
93,25,2.0
95,25,1.0
96,25,1.0
98,25,2.0
99,25,3.0
102,25,4.0
108,25,1.0
119,25,3.0
121,25,1.0
124,25,2.0
125,25,1.0
127,25,1.0
130,25,5.0
136,25,3.0
141,25,2.0
145,25,2.0
147,25,2.0
151,25,3.0
155,25,1.0
157,25,1.0
158,25,2.0
160,25,1.0
165,25,2.0
166,25,2.0
167,25,4.0
171,25,2.0
173,25,3.0
175,25,4.0
176,25,1.0
181,25,5.0
188,25,3.0
189,25,1.0
191,25,1.0
194,25,1.0
195,25,1.0
196,25,2.0
199,25,4.0
200,25,2.0
201,25,3.0
205,25,4.0
212,25,2.0
217,25,5.0
219,25,2.0
221,25,3.0
223,25,1.0
224,25,1.0
226,25,4.0
227,25,1.0
228,25,1.0
229,25,3.0
233,25,4.0
234,25,2.0
236,25,4.0
239,25,3.0
241,25,2.0
245,25,1.0
247,25,1.0
250,25,3.0
253,25,1.0
254,25,2.0
257,25,4.0
258,25,2.0
260,25,1.0
261,25,5.0
262,25,2.0
265,25,1.0
266,25,2.0
268,25,2.0
271,25,2.0
273,25,3.0
275,25,3.0
276,25,4.0
277,25,3.0
278,25,2.0
280,25,2.0
283,25,3.0
284,25,1.0
285,25,1.0
288,25,2.0
289,25,1.0
291,25,3.0
292,25,3.0
293,25,3.0
295,25,1.0
296,25,1.0
298,25,3.0
299,25,3.0
300,25,3.0
1,26,3.0
9,26,1.0
13,26,1.0
15,26,3.0
16,26,2.0
19,26,3.0
20,26,2.0
21,26,2.0
22,26,1.0
23,26,1.0
25,26,2.0
26,26,1.0
29,26,1.0
32,26,3.0
34,26,1.0
35,26,1.0
38,26,3.0
43,26,1.0
44,26,2.0
47,26,1.0
48,26,3.0
51,26,2.0
52,26,3.0
54,26,2.0
55,26,1.0
56,26,2.0
58,26,1.0
59,26,4.0
62,26,1.0
66,26,3.0
68,26,1.0
72,26,3.0
74,26,1.0
75,26,1.0
77,26,2.0
78,26,5.0
80,26,1.0
82,26,4.0
85,26,1.0
87,26,3.0
91,26,4.0
94,26,3.0
99,26,4.0
101,26,3.0
102,26,2.0
103,26,5.0
111,26,1.0
115,26,4.0
117,26,2.0
123,26,4.0
124,26,2.0
126,26,3.0
128,26,3.0
129,26,2.0
130,26,5.0
131,26,2.0
134,26,4.0
136,26,1.0
137,26,2.0
139,26,4.0
140,26,3.0
143,26,5.0
144,26,4.0
148,26,1.0
151,26,1.0
152,26,3.0
153,26,3.0
155,26,2.0
160,26,2.0
163,26,3.0
165,26,1.0
169,26,2.0
176,26,1.0
177,26,3.0
179,26,2.0
182,26,1.0
185,26,2.0
186,26,4.0
189,26,1.0
190,26,2.0
196,26,2.0
201,26,2.0
202,26,1.0
203,26,3.0
205,26,4.0
208,26,3.0
210,26,1.0
211,26,2.0
212,26,1.0
217,26,3.0
218,26,1.0
220,26,1.0
221,26,5.0
222,26,1.0
225,26,1.0
226,26,4.0
227,26,1.0
228,26,2.0
229,26,3.0
230,26,2.0
231,26,2.0
232,26,2.0
244,26,2.0
245,26,1.0
246,26,1.0
249,26,5.0
251,26,2.0
252,26,5.0
253,26,3.0
254,26,4.0
257,26,1.0
258,26,3.0
261,26,1.0
262,26,5.0
268,26,3.0
269,26,4.0
270,26,2.0
271,26,3.0
273,26,1.0
275,26,3.0
276,26,2.0
277,26,2.0
278,26,3.0
283,26,2.0
285,26,1.0
286,26,1.0
288,26,2.0
289,26,2.0
290,26,3.0
296,26,2.0
2,27,2.0
3,27,2.0
5,27,3.0
6,27,1.0
7,27,5.0
8,27,3.0
11,27,3.0
12,27,1.0
14,27,1.0
15,27,5.0
17,27,5.0
19,27,3.0
20,27,2.0
21,27,1.0
22,27,4.0
26,27,3.0
28,27,2.0
31,27,3.0
32,27,5.0
33,27,1.0
34,27,3.0
36,27,5.0
39,27,5.0
40,27,2.0
44,27,1.0
46,27,2.0
47,27,1.0
49,27,3.0
50,27,1.0
54,27,2.0
56,27,2.0
60,27,4.0
62,27,1.0
64,27,2.0
72,27,3.0
77,27,1.0
78,27,1.0
80,27,4.0
85,27,1.0
89,27,2.0
100,27,1.0
102,27,3.0
103,27,1.0
108,27,3.0
110,27,5.0
111,27,2.0
112,27,1.0
115,27,3.0
116,27,1.0
117,27,2.0
122,27,2.0
129,27,2.0
132,27,1.0
133,27,2.0
144,27,2.0
146,27,1.0
147,27,1.0
149,27,4.0
151,27,1.0
152,27,1.0
153,27,1.0
157,27,1.0
160,27,2.0
161,27,1.0
163,27,2.0
170,27,5.0
172,27,1.0
173,27,3.0
175,27,2.0
176,27,2.0
177,27,4.0
179,27,4.0
181,27,3.0
188,27,4.0
192,27,1.0
196,27,2.0
197,27,1.0
198,27,1.0
200,27,3.0
204,27,2.0
205,27,2.0
209,27,2.0
211,27,1.0
212,27,1.0
218,27,2.0
219,27,2.0
223,27,1.0
224,27,4.0
226,27,1.0
229,27,3.0
230,27,1.0
236,27,1.0
237,27,3.0
240,27,1.0
244,27,5.0
248,27,1.0
249,27,2.0
250,27,3.0
252,27,1.0
258,27,2.0
260,27,2.0
261,27,1.0
262,27,1.0
265,27,1.0
268,27,1.0
269,27,4.0
274,27,3.0
275,27,2.0
276,27,5.0
280,27,1.0
281,27,1.0
282,27,3.0
283,27,2.0
285,27,3.0
288,27,1.0
289,27,2.0
291,27,1.0
298,27,2.0
300,27,3.0
2,28,3.0
7,28,2.0
8,28,2.0
11,28,1.0
14,28,4.0
18,28,1.0
23,28,1.0
24,28,1.0
25,28,3.0
27,28,3.0
29,28,1.0
35,28,2.0
36,28,2.0
38,28,5.0
40,28,4.0
42,28,2.0
44,28,5.0
45,28,2.0
48,28,5.0
51,28,3.0
53,28,1.0
55,28,4.0
57,28,1.0
59,28,2.0
62,28,2.0
65,28,1.0
69,28,2.0
70,28,1.0
73,28,3.0
74,28,1.0
78,28,1.0
79,28,3.0
82,28,1.0
86,28,3.0
96,28,3.0
97,28,3.0
102,28,3.0
103,28,4.0
106,28,3.0
107,28,3.0
109,28,1.0
121,28,1.0
123,28,1.0
124,28,5.0
126,28,1.0
128,28,1.0
129,28,1.0
130,28,3.0
132,28,3.0
134,28,1.0
135,28,3.0
139,28,1.0
142,28,1.0
144,28,2.0
148,28,1.0
149,28,5.0
150,28,1.0
154,28,1.0
158,28,4.0
159,28,2.0
160,28,1.0
161,28,2.0
162,28,2.0
165,28,2.0
166,28,2.0
167,28,1.0
169,28,3.0
170,28,4.0
176,28,1.0
181,28,2.0
182,28,1.0
186,28,2.0
189,28,3.0
194,28,1.0
195,28,2.0
197,28,2.0
200,28,1.0
201,28,4.0
202,28,2.0
203,28,2.0
208,28,3.0
209,28,1.0
210,28,5.0
211,28,5.0
213,28,4.0
215,28,1.0
216,28,4.0
219,28,5.0
220,28,1.0
223,28,3.0
227,28,1.0
228,28,2.0
236,28,2.0
237,28,3.0
238,28,3.0
240,28,2.0
241,28,5.0
243,28,2.0
247,28,2.0
248,28,1.0
252,28,3.0
254,28,3.0
259,28,1.0
261,28,1.0
267,28,2.0
269,28,3.0
273,28,4.0
276,28,1.0
277,28,2.0
278,28,2.0
282,28,5.0
291,28,4.0
292,28,5.0
293,28,2.0
297,28,3.0
300,28,4.0
1,29,3.0
3,29,1.0
6,29,1.0
7,29,1.0
8,29,1.0
12,29,3.0
13,29,1.0
17,29,2.0
18,29,3.0
21,29,3.0
22,29,1.0
23,29,2.0
25,29,1.0
30,29,3.0
31,29,4.0
33,29,3.0
39,29,1.0
40,29,2.0
42,29,4.0
44,29,2.0
47,29,3.0
48,29,1.0
50,29,4.0
51,29,3.0
53,29,5.0
54,29,3.0
58,29,3.0
64,29,2.0
70,29,1.0
74,29,3.0
76,29,1.0
80,29,3.0
82,29,1.0
85,29,1.0
88,29,1.0
90,29,1.0
91,29,4.0
93,29,3.0
94,29,3.0
95,29,1.0
97,29,3.0
103,29,2.0
105,29,1.0
106,29,2.0
108,29,2.0
109,29,1.0
115,29,5.0
118,29,4.0
123,29,2.0
124,29,3.0
130,29,1.0
133,29,5.0
134,29,3.0
135,29,1.0
138,29,3.0
139,29,4.0
141,29,1.0
147,29,2.0
149,29,1.0
151,29,2.0
163,29,4.0
168,29,4.0
169,29,2.0
170,29,2.0
171,29,4.0
174,29,2.0
175,29,3.0
177,29,1.0
181,29,4.0
182,29,3.0
183,29,2.0
188,29,4.0
191,29,3.0
192,29,2.0
193,29,2.0
195,29,2.0
197,29,3.0
199,29,3.0
202,29,3.0
203,29,1.0
208,29,2.0
214,29,2.0
216,29,1.0
220,29,1.0
224,29,1.0
225,29,1.0
228,29,4.0
231,29,3.0
233,29,3.0
234,29,3.0
235,29,1.0
239,29,3.0
249,29,1.0
250,29,3.0
251,29,2.0
254,29,4.0
255,29,4.0
256,29,4.0
257,29,1.0
258,29,2.0
259,29,1.0
260,29,1.0
262,29,3.0
264,29,3.0
266,29,2.0
267,29,1.0
271,29,3.0
273,29,1.0
276,29,3.0
278,29,3.0
279,29,2.0
286,29,1.0
290,29,2.0
291,29,2.0
293,29,5.0
295,29,2.0
300,29,3.0
1,30,1.0
2,30,1.0
4,30,2.0
7,30,1.0
8,30,1.0
13,30,1.0
14,30,2.0
19,30,1.0
20,30,2.0
21,30,1.0
23,30,3.0
24,30,1.0
27,30,3.0
34,30,5.0
38,30,5.0
41,30,1.0
42,30,1.0
43,30,3.0
50,30,2.0
53,30,5.0
62,30,2.0
63,30,4.0
65,30,1.0
69,30,3.0
71,30,3.0
72,30,1.0
73,30,1.0
79,30,1.0
82,30,4.0
92,30,4.0
95,30,3.0
99,30,2.0
100,30,1.0
101,30,2.0
102,30,3.0
107,30,1.0
109,30,1.0
110,30,2.0
113,30,2.0
115,30,3.0
116,30,4.0
117,30,1.0
118,30,2.0
119,30,3.0
121,30,4.0
126,30,2.0
127,30,1.0
128,30,3.0
130,30,2.0
134,30,4.0
136,30,1.0
137,30,3.0
142,30,3.0
148,30,3.0
150,30,1.0
151,30,1.0
153,30,1.0
154,30,1.0
157,30,3.0
158,30,2.0
160,30,3.0
162,30,1.0
163,30,3.0
169,30,1.0
172,30,1.0
173,30,2.0
176,30,2.0
179,30,4.0
182,30,1.0
183,30,1.0
185,30,2.0
187,30,1.0
189,30,2.0
190,30,2.0
196,30,3.0
198,30,1.0
199,30,1.0
203,30,2.0
204,30,3.0
205,30,2.0
223,30,2.0
224,30,1.0
225,30,2.0
227,30,1.0
229,30,1.0
231,30,1.0
234,30,2.0
236,30,1.0
237,30,3.0
239,30,1.0
242,30,1.0
243,30,1.0
245,30,2.0
246,30,3.0
247,30,2.0
248,30,5.0
249,30,4.0
251,30,3.0
252,30,2.0
253,30,3.0
255,30,3.0
259,30,1.0
260,30,1.0
265,30,1.0
267,30,2.0
268,30,2.0
269,30,5.0
271,30,1.0
272,30,2.0
273,30,3.0
278,30,3.0
280,30,2.0
282,30,5.0
286,30,3.0
288,30,3.0
289,30,1.0
293,30,1.0
296,30,2.0
297,30,3.0
299,30,1.0
300,30,3.0
1,31,5.0
2,31,3.0
6,31,3.0
10,31,1.0
11,31,2.0
20,31,4.0
22,31,2.0
23,31,1.0
24,31,3.0
28,31,1.0
32,31,2.0
33,31,1.0
34,31,4.0
38,31,1.0
41,31,1.0
42,31,1.0
46,31,2.0
48,31,4.0
50,31,1.0
53,31,4.0
56,31,2.0
57,31,3.0
58,31,2.0
65,31,1.0
68,31,5.0
71,31,2.0
73,31,4.0
80,31,1.0
86,31,1.0
90,31,1.0
92,31,2.0
94,31,1.0
95,31,1.0
97,31,3.0
100,31,3.0
101,31,1.0
110,31,3.0
117,31,2.0
123,31,1.0
125,31,2.0
127,31,2.0
130,31,1.0
132,31,2.0
133,31,5.0
135,31,2.0
137,31,3.0
139,31,3.0
141,31,1.0
144,31,2.0
149,31,1.0
151,31,2.0
153,31,3.0
156,31,2.0
158,31,1.0
159,31,4.0
161,31,1.0
164,31,5.0
168,31,5.0
170,31,2.0
171,31,2.0
174,31,1.0
175,31,2.0
176,31,1.0
179,31,1.0
180,31,5.0
182,31,2.0
183,31,2.0
190,31,1.0
194,31,3.0
195,31,1.0
197,31,3.0
198,31,4.0
200,31,2.0
201,31,3.0
209,31,4.0
210,31,4.0
214,31,4.0
215,31,1.0
217,31,3.0
218,31,3.0
219,31,1.0
222,31,1.0
223,31,1.0
224,31,3.0
225,31,5.0
228,31,4.0
233,31,1.0
235,31,1.0
236,31,3.0
237,31,3.0
238,31,2.0
239,31,1.0
247,31,3.0
248,31,2.0
249,31,2.0
250,31,4.0
251,31,2.0
254,31,5.0
256,31,2.0
257,31,2.0
258,31,3.0
261,31,5.0
262,31,3.0
272,31,2.0
274,31,4.0
278,31,4.0
280,31,1.0
281,31,3.0
283,31,5.0
285,31,3.0
287,31,2.0
288,31,2.0
290,31,1.0
291,31,1.0
295,31,1.0
296,31,2.0
298,31,2.0
299,31,5.0
300,31,1.0
1,32,1.0
2,32,2.0
3,32,3.0
5,32,2.0
7,32,2.0
8,32,1.0
10,32,2.0
11,32,2.0
15,32,4.0
17,32,2.0
21,32,2.0
24,32,1.0
25,32,5.0
27,32,4.0
32,32,4.0
36,32,3.0
37,32,2.0
39,32,1.0
47,32,3.0
49,32,1.0
50,32,3.0
51,32,3.0
52,32,1.0
54,32,1.0
63,32,3.0
65,32,1.0
66,32,1.0
68,32,1.0
69,32,4.0
70,32,1.0
71,32,1.0
75,32,1.0
78,32,1.0
80,32,3.0
87,32,2.0
89,32,2.0
90,32,2.0
94,32,1.0
95,32,1.0
96,32,2.0
99,32,5.0
101,32,4.0
103,32,3.0
107,32,3.0
108,32,5.0
110,32,2.0
118,32,3.0
121,32,5.0
122,32,1.0
123,32,5.0
124,32,2.0
129,32,1.0
130,32,3.0
131,32,1.0
136,32,3.0
142,32,1.0
143,32,2.0
148,32,1.0
149,32,2.0
150,32,4.0
151,32,2.0
155,32,2.0
156,32,3.0
158,32,1.0
166,32,5.0
167,32,1.0
168,32,4.0
169,32,2.0
170,32,3.0
172,32,3.0
174,32,3.0
178,32,1.0
181,32,1.0
188,32,1.0
192,32,1.0
193,32,1.0
197,32,1.0
198,32,5.0
199,32,3.0
201,32,2.0
202,32,5.0
204,32,4.0
208,32,5.0
210,32,2.0
212,32,2.0
213,32,2.0
214,32,3.0
216,32,1.0
221,32,5.0
222,32,1.0
223,32,3.0
227,32,4.0
228,32,2.0
229,32,5.0
232,32,1.0
234,32,3.0
237,32,3.0
238,32,2.0
239,32,1.0
242,32,4.0
243,32,2.0
244,32,2.0
245,32,1.0
251,32,1.0
255,32,5.0
258,32,2.0
262,32,2.0
266,32,2.0
272,32,1.0
275,32,3.0
285,32,1.0
295,32,4.0
296,32,4.0
299,32,4.0
4,33,2.0
7,33,5.0
10,33,2.0
11,33,3.0
13,33,1.0
18,33,3.0
23,33,1.0
24,33,5.0
25,33,1.0
27,33,2.0
29,33,2.0
30,33,2.0
32,33,3.0
34,33,2.0
35,33,2.0
36,33,2.0
39,33,2.0
40,33,1.0
42,33,4.0
43,33,1.0
44,33,2.0
45,33,4.0
48,33,2.0
50,33,4.0
51,33,5.0
52,33,4.0
53,33,1.0
54,33,3.0
55,33,3.0
58,33,1.0
60,33,3.0
61,33,2.0
62,33,3.0
65,33,1.0
66,33,1.0
67,33,2.0
71,33,3.0
72,33,3.0
74,33,4.0
75,33,2.0
78,33,3.0
79,33,1.0
80,33,4.0
81,33,1.0
82,33,3.0
83,33,4.0
85,33,4.0
87,33,4.0
88,33,2.0
89,33,2.0
90,33,2.0
92,33,4.0
94,33,3.0
96,33,5.0
99,33,2.0
105,33,1.0
106,33,1.0
107,33,3.0
110,33,1.0
112,33,3.0
115,33,5.0
119,33,4.0
121,33,1.0
124,33,3.0
126,33,2.0
127,33,4.0
129,33,1.0
130,33,2.0
131,33,4.0
136,33,1.0
137,33,3.0
141,33,3.0
142,33,1.0
147,33,3.0
148,33,3.0
152,33,1.0
155,33,2.0
159,33,1.0
162,33,3.0
163,33,1.0
165,33,2.0
166,33,1.0
167,33,2.0
168,33,1.0
172,33,1.0
180,33,3.0
183,33,1.0
184,33,2.0
187,33,1.0
188,33,1.0
191,33,3.0
193,33,1.0
195,33,1.0
196,33,3.0
197,33,2.0
200,33,2.0
201,33,3.0
204,33,2.0
207,33,3.0
208,33,2.0
209,33,3.0
213,33,1.0
214,33,1.0
215,33,1.0
216,33,1.0
217,33,5.0
218,33,4.0
219,33,5.0
222,33,2.0
225,33,1.0
226,33,1.0
228,33,3.0
230,33,1.0
232,33,1.0
235,33,2.0
239,33,3.0
241,33,2.0
248,33,4.0
249,33,3.0
253,33,3.0
258,33,3.0
262,33,2.0
263,33,3.0
269,33,2.0
270,33,1.0
272,33,2.0
275,33,3.0
279,33,4.0
282,33,4.0
283,33,1.0
285,33,1.0
286,33,3.0
287,33,3.0
290,33,5.0
293,33,4.0
294,33,3.0
297,33,3.0
300,33,4.0
1,34,1.0
5,34,1.0
8,34,3.0
9,34,1.0
13,34,5.0
16,34,2.0
17,34,3.0
23,34,4.0
25,34,3.0
27,34,1.0
29,34,1.0
36,34,2.0
38,34,5.0
39,34,1.0
46,34,2.0
48,34,1.0
49,34,1.0
50,34,4.0
51,34,3.0
54,34,2.0
58,34,1.0
59,34,1.0
62,34,1.0
70,34,3.0
73,34,3.0
75,34,2.0
77,34,3.0
78,34,2.0
83,34,3.0
85,34,5.0
95,34,1.0
98,34,4.0
100,34,1.0
102,34,2.0
104,34,2.0
105,34,1.0
106,34,4.0
107,34,1.0
108,34,1.0
109,34,4.0
110,34,1.0
113,34,1.0
120,34,2.0
122,34,3.0
124,34,1.0
125,34,5.0
126,34,2.0
129,34,3.0
135,34,2.0
137,34,1.0
138,34,4.0
140,34,1.0
141,34,1.0
142,34,1.0
143,34,3.0
147,34,1.0
151,34,1.0
152,34,1.0
153,34,4.0
159,34,2.0
164,34,1.0
165,34,4.0
174,34,1.0
175,34,1.0
176,34,3.0
178,34,1.0
180,34,1.0
182,34,3.0
183,34,3.0
187,34,3.0
188,34,3.0
192,34,1.0
195,34,2.0
196,34,3.0
198,34,2.0
199,34,3.0
203,34,2.0
205,34,2.0
208,34,1.0
211,34,1.0
218,34,5.0
219,34,4.0
222,34,2.0
223,34,2.0
225,34,4.0
227,34,2.0
228,34,2.0
229,34,4.0
230,34,2.0
231,34,5.0
232,34,1.0
234,34,4.0
237,34,1.0
241,34,5.0
243,34,2.0
244,34,4.0
246,34,1.0
247,34,1.0
248,34,2.0
250,34,2.0
254,34,1.0
262,34,3.0
268,34,3.0
273,34,4.0
275,34,4.0
278,34,3.0
279,34,4.0
282,34,2.0
283,34,2.0
284,34,2.0
285,34,2.0
288,34,4.0
289,34,2.0
290,34,2.0
296,34,1.0
297,34,1.0
300,34,3.0
1,35,2.0
2,35,4.0
3,35,2.0
4,35,1.0
8,35,2.0
9,35,1.0
13,35,2.0
14,35,5.0
23,35,2.0
24,35,3.0
30,35,5.0
31,35,4.0
40,35,3.0
42,35,3.0
43,35,3.0
44,35,3.0
48,35,3.0
50,35,4.0
55,35,1.0
62,35,3.0
63,35,1.0
65,35,2.0
71,35,2.0
73,35,1.0
74,35,1.0
78,35,1.0
79,35,2.0
86,35,3.0
87,35,4.0
88,35,2.0
89,35,3.0
90,35,1.0
91,35,2.0
97,35,1.0
98,35,1.0
99,35,3.0
100,35,1.0
103,35,3.0
106,35,1.0
107,35,4.0
108,35,3.0
115,35,1.0
116,35,4.0
120,35,1.0
122,35,4.0
128,35,3.0
138,35,1.0
140,35,1.0
143,35,1.0
144,35,1.0
146,35,1.0
148,35,4.0
153,35,4.0
154,35,2.0
156,35,2.0
159,35,2.0
164,35,1.0
165,35,4.0
167,35,1.0
171,35,1.0
172,35,1.0
175,35,1.0
178,35,2.0
179,35,2.0
181,35,2.0
182,35,3.0
184,35,2.0
185,35,3.0
189,35,4.0
190,35,1.0
191,35,2.0
192,35,2.0
200,35,5.0
201,35,2.0
206,35,4.0
211,35,2.0
212,35,3.0
213,35,2.0
214,35,2.0
217,35,1.0
223,35,3.0
224,35,2.0
227,35,1.0
231,35,1.0
238,35,3.0
245,35,4.0
247,35,3.0
249,35,1.0
251,35,5.0
253,35,4.0
254,35,2.0
259,35,2.0
260,35,3.0
262,35,1.0
264,35,3.0
265,35,2.0
268,35,1.0
269,35,3.0
272,35,1.0
273,35,2.0
275,35,2.0
281,35,3.0
282,35,2.0
283,35,1.0
285,35,3.0
287,35,2.0
293,35,2.0
297,35,2.0
298,35,1.0
299,35,1.0
300,35,4.0
1,36,4.0
3,36,2.0
4,36,4.0
5,36,1.0
6,36,4.0
8,36,3.0
9,36,2.0
10,36,1.0
11,36,3.0
12,36,3.0
16,36,1.0
21,36,4.0
22,36,3.0
27,36,1.0
34,36,3.0
36,36,1.0
39,36,2.0
41,36,2.0
42,36,2.0
45,36,2.0
46,36,4.0
50,36,3.0
52,36,1.0
56,36,1.0
57,36,3.0
58,36,2.0
63,36,3.0
65,36,3.0
70,36,1.0
71,36,4.0
72,36,2.0
74,36,2.0
76,36,3.0
78,36,1.0
79,36,1.0
82,36,5.0
84,36,4.0
87,36,5.0
89,36,1.0
92,36,3.0
94,36,3.0
95,36,1.0
96,36,4.0
99,36,2.0
102,36,3.0
107,36,2.0
108,36,3.0
109,36,1.0
110,36,1.0
112,36,3.0
113,36,3.0
114,36,2.0
115,36,2.0
116,36,1.0
120,36,3.0
121,36,1.0
123,36,1.0
127,36,1.0
128,36,1.0
131,36,2.0
134,36,4.0
136,36,5.0
138,36,1.0
139,36,3.0
140,36,1.0
147,36,2.0
148,36,2.0
149,36,1.0
150,36,2.0
154,36,3.0
157,36,1.0
158,36,4.0
159,36,2.0
164,36,4.0
165,36,4.0
166,36,2.0
169,36,3.0
171,36,2.0
179,36,1.0
180,36,1.0
181,36,2.0
183,36,4.0
187,36,2.0
188,36,2.0
189,36,2.0
196,36,1.0
200,36,4.0
201,36,3.0
202,36,1.0
204,36,2.0
205,36,3.0
206,36,2.0
209,36,2.0
210,36,3.0
214,36,2.0
215,36,3.0
216,36,1.0
217,36,1.0
219,36,3.0
223,36,1.0
224,36,1.0
227,36,1.0
230,36,1.0
231,36,3.0
233,36,4.0
235,36,1.0
236,36,2.0
241,36,1.0
242,36,2.0
243,36,1.0
247,36,1.0
248,36,5.0
254,36,3.0
255,36,4.0
256,36,1.0
259,36,2.0
262,36,2.0
266,36,3.0
267,36,3.0
271,36,1.0
275,36,2.0
279,36,3.0
280,36,2.0
283,36,4.0
284,36,1.0
287,36,1.0
291,36,2.0
292,36,1.0
293,36,2.0
296,36,2.0
298,36,4.0
1,37,2.0
4,37,3.0
5,37,2.0
6,37,5.0
9,37,3.0
13,37,3.0
14,37,1.0
15,37,3.0
16,37,1.0
17,37,1.0
22,37,4.0
24,37,2.0
25,37,1.0
28,37,3.0
29,37,4.0
31,37,3.0
33,37,2.0
34,37,2.0
41,37,3.0
43,37,3.0
44,37,2.0
46,37,2.0
50,37,1.0
51,37,2.0
53,37,2.0
55,37,1.0
56,37,1.0
68,37,2.0
69,37,1.0
71,37,3.0
73,37,3.0
74,37,1.0
76,37,3.0
84,37,3.0
97,37,1.0
98,37,3.0
104,37,4.0
106,37,2.0
107,37,2.0
108,37,2.0
109,37,2.0
110,37,2.0
112,37,2.0
114,37,1.0
115,37,2.0
116,37,3.0
117,37,4.0
119,37,1.0
121,37,4.0
123,37,2.0
128,37,3.0
130,37,3.0
131,37,5.0
133,37,3.0
136,37,5.0
138,37,1.0
153,37,1.0
154,37,2.0
156,37,4.0
160,37,2.0
162,37,1.0
166,37,2.0
170,37,4.0
172,37,2.0
174,37,4.0
175,37,1.0
176,37,1.0
177,37,4.0
178,37,1.0
186,37,4.0
191,37,2.0
192,37,3.0
199,37,4.0
202,37,2.0
204,37,2.0
205,37,1.0
206,37,2.0
208,37,4.0
209,37,1.0
211,37,5.0
217,37,1.0
220,37,1.0
221,37,4.0
222,37,3.0
224,37,4.0
225,37,3.0
229,37,4.0
231,37,5.0
234,37,1.0
236,37,1.0
237,37,4.0
241,37,1.0
244,37,3.0
247,37,2.0
252,37,1.0
254,37,4.0
258,37,3.0
259,37,3.0
264,37,2.0
265,37,1.0
266,37,2.0
272,37,2.0
273,37,1.0
280,37,2.0
290,37,3.0
292,37,1.0
298,37,3.0
4,38,1.0
5,38,4.0
8,38,2.0
11,38,3.0
12,38,3.0
14,38,2.0
15,38,3.0
17,38,1.0
24,38,2.0
26,38,3.0
28,38,1.0
32,38,2.0
35,38,2.0
38,38,2.0
40,38,2.0
41,38,2.0
42,38,3.0
46,38,1.0
47,38,1.0
52,38,1.0
53,38,2.0
56,38,3.0
59,38,2.0
63,38,1.0
64,38,2.0
66,38,2.0
67,38,1.0
68,38,1.0
70,38,3.0
71,38,3.0
73,38,2.0
76,38,1.0
77,38,1.0
78,38,2.0
81,38,2.0
91,38,1.0
96,38,3.0
101,38,1.0
103,38,1.0
104,38,3.0
105,38,3.0
108,38,4.0
109,38,3.0
111,38,2.0
112,38,1.0
114,38,2.0
115,38,1.0
118,38,1.0
122,38,2.0
126,38,1.0
127,38,1.0
128,38,5.0
130,38,1.0
137,38,2.0
140,38,4.0
144,38,1.0
147,38,4.0
149,38,1.0
157,38,3.0
160,38,1.0
165,38,1.0
166,38,3.0
167,38,1.0
169,38,1.0
171,38,3.0
173,38,4.0
174,38,3.0
176,38,2.0
179,38,1.0
184,38,2.0
187,38,1.0
196,38,1.0
199,38,2.0
203,38,1.0
205,38,1.0
207,38,2.0
208,38,1.0
210,38,2.0
212,38,2.0
217,38,3.0
220,38,2.0
221,38,4.0
226,38,1.0
230,38,4.0
232,38,2.0
234,38,1.0
236,38,1.0
238,38,1.0
239,38,3.0
246,38,1.0
248,38,1.0
249,38,2.0
252,38,2.0
253,38,3.0
255,38,4.0
257,38,1.0
260,38,4.0
261,38,1.0
264,38,2.0
266,38,1.0
267,38,1.0
268,38,1.0
269,38,1.0
270,38,1.0
272,38,1.0
274,38,2.0
276,38,1.0
277,38,3.0
286,38,1.0
289,38,3.0
291,38,1.0
293,38,3.0
295,38,3.0
296,38,1.0
297,38,2.0
300,38,2.0
1,39,1.0
2,39,4.0
4,39,4.0
7,39,2.0
10,39,2.0
11,39,1.0
12,39,2.0
13,39,3.0
14,39,2.0
15,39,3.0
16,39,1.0
18,39,3.0
22,39,2.0
23,39,1.0
24,39,1.0
26,39,3.0
28,39,1.0
29,39,1.0
31,39,1.0
34,39,3.0
39,39,2.0
41,39,3.0
42,39,4.0
43,39,1.0
44,39,4.0
45,39,1.0
47,39,2.0
49,39,2.0
50,39,1.0
51,39,1.0
54,39,3.0
57,39,1.0
59,39,4.0
61,39,1.0
62,39,3.0
66,39,5.0
68,39,4.0
70,39,1.0
72,39,1.0
73,39,2.0
74,39,3.0
75,39,3.0
83,39,4.0
84,39,1.0
85,39,1.0
86,39,3.0
87,39,1.0
94,39,2.0
96,39,3.0
100,39,2.0
101,39,3.0
102,39,3.0
106,39,1.0
111,39,3.0
118,39,2.0
129,39,5.0
132,39,2.0
134,39,1.0
135,39,2.0
140,39,1.0
141,39,1.0
142,39,3.0
147,39,3.0
148,39,2.0
152,39,1.0
153,39,2.0
155,39,3.0
161,39,2.0
164,39,5.0
168,39,2.0
169,39,2.0
171,39,3.0
174,39,2.0
183,39,2.0
189,39,1.0
192,39,2.0
193,39,3.0
195,39,1.0
196,39,1.0
197,39,5.0
203,39,1.0
205,39,1.0
208,39,2.0
210,39,1.0
211,39,3.0
217,39,2.0
221,39,2.0
227,39,2.0
230,39,3.0
232,39,4.0
237,39,2.0
239,39,2.0
241,39,3.0
242,39,2.0
243,39,1.0
247,39,1.0
248,39,1.0
254,39,3.0
256,39,3.0
257,39,1.0
258,39,3.0
260,39,3.0
263,39,5.0
265,39,3.0
269,39,1.0
271,39,3.0
272,39,5.0
273,39,1.0
274,39,2.0
276,39,3.0
277,39,2.0
279,39,2.0
288,39,3.0
289,39,1.0
291,39,1.0
294,39,4.0
297,39,1.0
298,39,1.0
300,39,3.0
2,40,4.0
5,40,2.0
7,40,1.0
9,40,1.0
11,40,2.0
14,40,4.0
15,40,2.0
17,40,3.0
19,40,4.0
20,40,2.0
23,40,1.0
26,40,1.0
28,40,1.0
29,40,3.0
30,40,2.0
31,40,2.0
36,40,2.0
37,40,2.0
38,40,3.0
42,40,2.0
43,40,1.0
45,40,2.0
48,40,1.0
51,40,2.0
56,40,1.0
57,40,1.0
58,40,1.0
60,40,3.0
61,40,3.0
65,40,1.0
66,40,3.0
69,40,1.0
74,40,1.0
81,40,2.0
86,40,4.0
95,40,2.0
96,40,4.0
98,40,2.0
99,40,2.0
106,40,2.0
110,40,1.0
112,40,3.0
114,40,3.0
115,40,1.0
116,40,2.0
117,40,4.0
118,40,3.0
121,40,2.0
122,40,4.0
123,40,2.0
125,40,3.0
127,40,1.0
128,40,1.0
130,40,1.0
133,40,5.0
135,40,3.0
136,40,2.0
140,40,4.0
141,40,1.0
143,40,3.0
145,40,1.0
149,40,1.0
153,40,2.0
154,40,3.0
156,40,4.0
157,40,2.0
158,40,1.0
159,40,2.0
160,40,1.0
161,40,2.0
167,40,5.0
168,40,2.0
172,40,1.0
173,40,4.0
176,40,2.0
177,40,3.0
178,40,2.0
180,40,2.0
184,40,2.0
185,40,2.0
186,40,2.0
187,40,1.0
189,40,1.0
193,40,3.0
200,40,2.0
202,40,2.0
203,40,4.0
204,40,3.0
206,40,1.0
209,40,1.0
212,40,1.0
213,40,2.0
214,40,4.0
217,40,1.0
219,40,1.0
226,40,2.0
232,40,3.0
233,40,4.0
234,40,5.0
237,40,2.0
239,40,1.0
245,40,4.0
246,40,1.0
248,40,1.0
249,40,1.0
251,40,2.0
260,40,3.0
261,40,3.0
265,40,1.0
268,40,1.0
270,40,3.0
271,40,2.0
272,40,2.0
275,40,1.0
278,40,1.0
281,40,2.0
282,40,5.0
285,40,1.0
286,40,1.0
288,40,5.0
290,40,2.0
292,40,3.0
293,40,2.0
294,40,2.0
295,40,2.0
299,40,2.0
300,40,3.0
1,41,2.0
2,41,2.0
3,41,4.0
5,41,5.0
7,41,3.0
8,41,1.0
9,41,1.0
11,41,2.0
16,41,1.0
19,41,1.0
20,41,1.0
25,41,1.0
30,41,1.0
32,41,2.0
34,41,1.0
35,41,1.0
36,41,1.0
42,41,3.0
46,41,3.0
47,41,4.0
48,41,1.0
50,41,1.0
52,41,1.0
56,41,2.0
58,41,2.0
63,41,1.0
69,41,1.0
72,41,1.0
74,41,2.0
79,41,2.0
80,41,5.0
83,41,3.0
84,41,2.0
85,41,3.0
86,41,2.0
87,41,1.0
92,41,2.0
94,41,1.0
96,41,1.0
98,41,2.0
99,41,1.0
101,41,4.0
103,41,3.0
105,41,1.0
106,41,5.0
108,41,2.0
111,41,1.0
114,41,1.0
116,41,3.0
122,41,2.0
123,41,1.0
125,41,1.0
127,41,3.0
128,41,3.0
129,41,1.0
130,41,1.0
137,41,1.0
139,41,5.0
143,41,3.0
146,41,5.0
147,41,2.0
149,41,1.0
153,41,2.0
155,41,2.0
156,41,1.0
158,41,1.0
159,41,3.0
160,41,2.0
161,41,1.0
163,41,2.0
164,41,2.0
167,41,2.0
173,41,5.0
174,41,2.0
179,41,3.0
180,41,2.0
181,41,1.0
182,41,1.0
183,41,1.0
186,41,5.0
189,41,2.0
190,41,3.0
192,41,2.0
194,41,3.0
196,41,1.0
199,41,3.0
200,41,3.0
201,41,3.0
205,41,3.0
206,41,2.0
207,41,1.0
208,41,1.0
209,41,2.0
214,41,3.0
215,41,1.0
216,41,3.0
218,41,2.0
219,41,1.0
220,41,1.0
223,41,5.0
224,41,2.0
228,41,2.0
231,41,1.0
237,41,5.0
240,41,1.0
241,41,1.0
250,41,5.0
252,41,4.0
254,41,1.0
255,41,3.0
258,41,1.0
259,41,3.0
262,41,4.0
265,41,1.0
266,41,1.0
271,41,5.0
272,41,1.0
274,41,5.0
276,41,1.0
277,41,3.0
278,41,2.0
280,41,3.0
282,41,3.0
283,41,2.0
284,41,1.0
285,41,3.0
286,41,4.0
288,41,2.0
294,41,3.0
297,41,3.0
300,41,3.0
2,42,1.0
5,42,4.0
6,42,2.0
8,42,3.0
10,42,3.0
12,42,2.0
14,42,2.0
15,42,2.0
18,42,2.0
21,42,3.0
22,42,5.0
23,42,1.0
24,42,1.0
25,42,1.0
26,42,2.0
31,42,1.0
35,42,1.0
37,42,5.0
38,42,2.0
39,42,1.0
40,42,4.0
42,42,4.0
46,42,2.0
47,42,1.0
50,42,2.0
52,42,2.0
54,42,1.0
56,42,3.0
57,42,1.0
62,42,1.0
63,42,2.0
65,42,5.0
66,42,1.0
67,42,1.0
70,42,1.0
74,42,3.0
75,42,3.0
79,42,1.0
81,42,3.0
87,42,3.0
88,42,3.0
89,42,1.0
92,42,2.0
93,42,3.0
95,42,2.0
96,42,4.0
99,42,1.0
103,42,2.0
104,42,1.0
110,42,2.0
112,42,4.0
113,42,2.0
118,42,1.0
126,42,3.0
127,42,1.0
128,42,3.0
129,42,2.0
130,42,1.0
131,42,4.0
133,42,3.0
134,42,3.0
135,42,5.0
137,42,3.0
140,42,2.0
141,42,1.0
143,42,2.0
144,42,1.0
145,42,4.0
147,42,3.0
150,42,2.0
151,42,1.0
152,42,2.0
160,42,2.0
165,42,1.0
167,42,1.0
168,42,5.0
170,42,3.0
172,42,3.0
173,42,2.0
174,42,3.0
177,42,1.0
179,42,4.0
182,42,2.0
184,42,5.0
186,42,2.0
187,42,3.0
188,42,1.0
191,42,3.0
192,42,2.0
197,42,2.0
199,42,4.0
203,42,1.0
204,42,5.0
206,42,1.0
210,42,2.0
211,42,1.0
219,42,3.0
223,42,1.0
225,42,2.0
226,42,1.0
228,42,4.0
229,42,3.0
230,42,1.0
231,42,2.0
232,42,1.0
233,42,1.0
234,42,3.0
235,42,3.0
236,42,2.0
237,42,1.0
238,42,1.0
239,42,1.0
241,42,2.0
245,42,1.0
247,42,2.0
252,42,2.0
253,42,3.0
255,42,1.0
257,42,2.0
260,42,4.0
261,42,1.0
262,42,3.0
264,42,2.0
267,42,2.0
269,42,4.0
270,42,3.0
271,42,2.0
273,42,1.0
275,42,1.0
276,42,3.0
283,42,2.0
285,42,1.0
291,42,1.0
294,42,4.0
299,42,4.0
300,42,1.0
2,43,4.0
4,43,5.0
6,43,2.0
14,43,1.0
17,43,1.0
19,43,4.0
20,43,1.0
21,43,5.0
23,43,1.0
25,43,2.0
26,43,2.0
30,43,1.0
31,43,3.0
32,43,5.0
33,43,2.0
35,43,4.0
36,43,1.0
43,43,1.0
49,43,4.0
51,43,1.0
52,43,1.0
53,43,2.0
55,43,3.0
57,43,1.0
58,43,4.0
59,43,4.0
60,43,2.0
63,43,1.0
66,43,3.0
70,43,1.0
74,43,3.0
76,43,1.0
78,43,1.0
87,43,4.0
88,43,5.0
91,43,4.0
93,43,1.0
95,43,4.0
97,43,3.0
99,43,2.0
100,43,1.0
103,43,2.0
105,43,3.0
107,43,1.0
108,43,2.0
111,43,2.0
113,43,3.0
117,43,3.0
119,43,5.0
120,43,1.0
124,43,1.0
128,43,1.0
133,43,1.0
139,43,1.0
140,43,3.0
143,43,2.0
146,43,1.0
150,43,2.0
157,43,2.0
158,43,2.0
161,43,3.0
167,43,3.0
170,43,4.0
171,43,3.0
173,43,2.0
178,43,3.0
179,43,3.0
183,43,3.0
184,43,1.0
185,43,3.0
186,43,1.0
188,43,2.0
189,43,3.0
194,43,1.0
195,43,1.0
197,43,1.0
198,43,2.0
200,43,3.0
201,43,1.0
203,43,5.0
204,43,1.0
205,43,2.0
207,43,2.0
209,43,3.0
210,43,3.0
211,43,4.0
213,43,1.0
219,43,3.0
220,43,3.0
222,43,3.0
223,43,2.0
224,43,1.0
226,43,2.0
227,43,5.0
230,43,2.0
234,43,4.0
235,43,5.0
238,43,2.0
240,43,4.0
241,43,4.0
245,43,1.0
246,43,3.0
249,43,2.0
251,43,2.0
253,43,2.0
266,43,1.0
268,43,1.0
269,43,1.0
270,43,1.0
271,43,1.0
278,43,1.0
279,43,2.0
280,43,3.0
283,43,4.0
284,43,3.0
286,43,2.0
289,43,1.0
291,43,3.0
293,43,1.0
297,43,1.0
298,43,2.0
2,44,4.0
6,44,2.0
8,44,1.0
17,44,2.0
18,44,3.0
19,44,1.0
20,44,1.0
22,44,3.0
24,44,2.0
28,44,2.0
29,44,2.0
30,44,3.0
32,44,3.0
33,44,2.0
34,44,1.0
35,44,3.0
40,44,1.0
46,44,1.0
48,44,3.0
51,44,4.0
52,44,2.0
53,44,1.0
54,44,3.0
57,44,3.0
58,44,2.0
60,44,4.0
64,44,1.0
65,44,4.0
69,44,3.0
71,44,3.0
75,44,5.0
77,44,2.0
78,44,3.0
80,44,1.0
81,44,1.0
82,44,1.0
87,44,1.0
89,44,2.0
93,44,2.0
95,44,1.0
98,44,2.0
100,44,1.0
102,44,2.0
104,44,3.0
105,44,2.0
107,44,5.0
111,44,3.0
112,44,1.0
119,44,4.0
133,44,1.0
140,44,3.0
143,44,1.0
146,44,2.0
148,44,1.0
149,44,4.0
151,44,1.0
152,44,1.0
153,44,1.0
157,44,4.0
158,44,1.0
167,44,3.0
168,44,3.0
169,44,3.0
171,44,2.0
172,44,1.0
173,44,2.0
174,44,2.0
178,44,4.0
179,44,1.0
183,44,5.0
185,44,1.0
189,44,5.0
191,44,1.0
193,44,2.0
194,44,2.0
195,44,1.0
196,44,3.0
198,44,4.0
199,44,4.0
204,44,1.0
207,44,3.0
209,44,3.0
212,44,3.0
217,44,1.0
218,44,1.0
219,44,3.0
220,44,4.0
221,44,1.0
226,44,3.0
228,44,3.0
230,44,2.0
232,44,1.0
236,44,1.0
241,44,1.0
244,44,3.0
246,44,2.0
250,44,2.0
256,44,2.0
268,44,2.0
272,44,2.0
275,44,1.0
277,44,3.0
278,44,1.0
284,44,1.0
285,44,1.0
286,44,1.0
290,44,3.0
292,44,1.0
300,44,1.0
1,45,2.0
2,45,2.0
3,45,3.0
9,45,3.0
11,45,2.0
12,45,2.0
20,45,1.0
21,45,1.0
30,45,1.0
31,45,1.0
32,45,1.0
34,45,2.0
40,45,1.0
45,45,3.0
46,45,3.0
49,45,1.0
51,45,1.0
53,45,3.0
56,45,4.0
58,45,1.0
59,45,2.0
60,45,5.0
63,45,1.0
64,45,2.0
66,45,1.0
67,45,4.0
68,45,1.0
70,45,2.0
72,45,3.0
76,45,2.0
80,45,1.0
87,45,1.0
88,45,3.0
91,45,3.0
92,45,2.0
98,45,1.0
101,45,3.0
102,45,3.0
103,45,1.0
105,45,3.0
112,45,2.0
115,45,3.0
117,45,2.0
119,45,2.0
121,45,4.0
123,45,2.0
124,45,4.0
126,45,2.0
127,45,4.0
129,45,1.0
130,45,2.0
135,45,3.0
137,45,2.0
139,45,4.0
140,45,3.0
141,45,1.0
142,45,4.0
144,45,2.0
147,45,1.0
154,45,2.0
155,45,3.0
156,45,2.0
157,45,4.0
159,45,3.0
160,45,1.0
161,45,4.0
163,45,1.0
164,45,1.0
165,45,1.0
167,45,1.0
173,45,3.0
175,45,1.0
176,45,3.0
178,45,4.0
179,45,3.0
180,45,1.0
184,45,2.0
186,45,1.0
192,45,5.0
193,45,3.0
194,45,3.0
195,45,2.0
196,45,4.0
197,45,2.0
198,45,1.0
200,45,2.0
201,45,3.0
205,45,4.0
206,45,2.0
213,45,2.0
215,45,1.0
217,45,1.0
219,45,4.0
221,45,2.0
224,45,2.0
227,45,2.0
228,45,2.0
231,45,2.0
232,45,1.0
233,45,3.0
242,45,2.0
245,45,2.0
246,45,2.0
247,45,5.0
249,45,1.0
251,45,2.0
252,45,1.0
255,45,2.0
257,45,3.0
259,45,3.0
260,45,1.0
262,45,4.0
267,45,2.0
268,45,1.0
272,45,2.0
273,45,3.0
274,45,1.0
275,45,1.0
277,45,2.0
278,45,1.0
279,45,3.0
281,45,3.0
282,45,5.0
287,45,4.0
289,45,1.0
291,45,3.0
295,45,2.0
297,45,4.0
300,45,1.0
2,46,1.0
4,46,4.0
10,46,3.0
11,46,2.0
13,46,1.0
15,46,2.0
18,46,1.0
19,46,2.0
21,46,5.0
22,46,2.0
23,46,3.0
24,46,1.0
25,46,3.0
26,46,3.0
27,46,2.0
31,46,3.0
34,46,1.0
38,46,3.0
39,46,1.0
42,46,2.0
44,46,3.0
45,46,1.0
49,46,2.0
57,46,1.0
58,46,2.0
60,46,2.0
61,46,4.0
63,46,1.0
64,46,4.0
66,46,3.0
67,46,1.0
69,46,2.0
73,46,2.0
74,46,4.0
75,46,1.0
77,46,3.0
78,46,3.0
79,46,1.0
81,46,1.0
82,46,2.0
85,46,4.0
87,46,2.0
89,46,1.0
93,46,3.0
100,46,3.0
103,46,1.0
107,46,2.0
112,46,3.0
114,46,5.0
115,46,4.0
120,46,3.0
122,46,5.0
123,46,3.0
124,46,4.0
125,46,3.0
133,46,1.0
134,46,2.0
135,46,2.0
136,46,1.0
137,46,5.0
144,46,1.0
146,46,2.0
147,46,4.0
152,46,3.0
153,46,2.0
156,46,1.0
157,46,2.0
160,46,1.0
161,46,2.0
162,46,2.0
165,46,1.0
170,46,3.0
171,46,2.0
174,46,2.0
178,46,1.0
179,46,2.0
180,46,3.0
183,46,2.0
184,46,2.0
185,46,3.0
190,46,3.0
198,46,2.0
199,46,1.0
200,46,4.0
201,46,1.0
202,46,2.0
205,46,2.0
208,46,2.0
212,46,1.0
213,46,4.0
221,46,1.0
227,46,2.0
229,46,5.0
230,46,1.0
234,46,2.0
235,46,2.0
237,46,2.0
247,46,4.0
248,46,3.0
249,46,3.0
250,46,2.0
252,46,4.0
258,46,1.0
259,46,3.0
262,46,1.0
263,46,2.0
266,46,2.0
270,46,3.0
271,46,2.0
273,46,3.0
274,46,2.0
275,46,3.0
279,46,3.0
284,46,1.0
287,46,3.0
291,46,2.0
292,46,5.0
295,46,1.0
296,46,2.0
297,46,1.0
300,46,2.0
2,47,5.0
6,47,3.0
7,47,1.0
10,47,2.0
11,47,2.0
12,47,4.0
14,47,3.0
15,47,3.0
17,47,4.0
20,47,2.0
24,47,4.0
25,47,2.0
26,47,2.0
29,47,4.0
32,47,3.0
33,47,4.0
